Date,Time,Day,Comp,Round_For,Venue,Result_For,HomeTeam,AwayTeam,HomeGoals,AwayGoals,xG_For,xGA_For,Poss_For,HomeCaptain,HomeFormation,Opp Formation_For,Sh_For,SoT_For,SoT%_For,G/Sh_For,G/SoT_For,Dist_For,FK_For,PK_For,PKatt_For,npxG_For,npxG/Sh_For,G-xG_For,np:G-xG_For,Att_For,Live_For,Dead_For,TB_For,Sw_For,Crs_For,TI_For,CK_For,In_For,Out_For,Str_For,Cmp_For,Off_For,Blocks_For,Cmp%_For,TotDist_For,PrgDist_For,Ast_For,xAG_For,xA_For,KP_For,1/3_For,PPA_For,CrsPA_For,PrgP_For,SCA_For,PassLive_For,PassDead_For,TO_For,Fld_For,Def_For,GCA_For,Tkl_For,TklW_For,Def 3rd_For,Mid 3rd_For,Att 3rd_For,Tkl%_For,Lost_For,Pass_For,Int_For,Tkl+Int_For,Clr_For,Err_For,Touches_For,Def Pen_For,Att Pen_For,Succ_For,Succ%_For,Tkld_For,Tkld%_For,Carries_For,PrgC_For,CPA_For,Mis_For,Dis_For,Rec_For,PrgR_For,CrdY_For,CrdR_For,2CrdY_For,Fls_For,PKwon_For,PKcon_For,OG_For,Recov_For,Won_For,Won%_For,GF_ForAway,GA_ForAway,xG_ForAway,xGA_ForAway,Poss_ForAway,Captain_ForAway,Formation_ForAway,Opp Formation_ForAway,Match Report_ForAway,Sh_ForAway,SoT_ForAway,SoT%_ForAway,G/Sh_ForAway,G/SoT_ForAway,Dist_ForAway,FK_ForAway,PK_ForAway,PKatt_ForAway,npxG_ForAway,npxG/Sh_ForAway,G-xG_ForAway,np:G-xG_ForAway,Att_ForAway,Live_ForAway,Dead_ForAway,TB_ForAway,Sw_ForAway,Crs_ForAway,TI_ForAway,CK_ForAway,In_ForAway,Out_ForAway,Str_ForAway,Cmp_ForAway,Off_ForAway,Blocks_ForAway,Cmp%_ForAway,TotDist_ForAway,PrgDist_ForAway,Ast_ForAway,xAG_ForAway,xA_ForAway,KP_ForAway,1/3_ForAway,PPA_ForAway,CrsPA_ForAway,PrgP_ForAway,SCA_ForAway,PassLive_ForAway,PassDead_ForAway,TO_ForAway,Fld_ForAway,Def_ForAway,GCA_ForAway,Tkl_ForAway,TklW_ForAway,Def 3rd_ForAway,Mid 3rd_ForAway,Att 3rd_ForAway,Tkl%_ForAway,Lost_ForAway,Pass_ForAway,Int_ForAway,Tkl+Int_ForAway,Clr_ForAway,Err_ForAway,Touches_ForAway,Def Pen_ForAway,Att Pen_ForAway,Succ_ForAway,Succ%_ForAway,Tkld_ForAway,Tkld%_ForAway,Carries_ForAway,PrgC_ForAway,CPA_ForAway,Mis_ForAway,Dis_ForAway,Rec_ForAway,PrgR_ForAway,CrdY_ForAway,CrdR_ForAway,2CrdY_ForAway,Fls_ForAway,PKwon_ForAway,PKcon_ForAway,OG_ForAway,Recov_ForAway,Won_ForAway,Won%_ForAway
2024-08-16,20:00,Fri,Premier League,Matchweek 1,Home,W,Manchester United,Fulham,1,0,2.4,0.4,55,Bruno Fernandes,4-2-3-1,4-2-3-1,14,5,35.7,0.07,0.2,17.6,0.0,0,0,2.4,0.17,-1.4,-1.4,524.0,483.0,38.0,1.0,2.0,18,15.0,7.0,3.0,2.0,0.0,430.0,3.0,7.0,82.1,6600.0,2181.0,1,2.0,1.0,10.0,31.0,7.0,2.0,43.0,24.0,23.0,1.0,0.0,0.0,0.0,2.0,21.0,14,9.0,9.0,3.0,60.0,8.0,8.0,19,40,22.0,0.0,640.0,67.0,22.0,8.0,38.1,11.0,52.4,420.0,15.0,4.0,10.0,13.0,428.0,43.0,2,0,0,12,0.0,0.0,0.0,58.0,19.0,54.3,0,1,0.4,2.4,45,Bernd Leno,4-2-3-1,4-2-3-1,Match Report,10,2,20.0,0.0,0.0,16.9,0.0,0,0,0.4,0.04,-0.4,-0.4,424.0,372.0,51.0,2.0,0.0,21,15.0,8.0,6.0,2.0,0.0,329.0,1.0,10.0,77.6,5642.0,2143.0,0,0.4,0.5,9.0,20.0,4.0,1.0,28.0,19.0,11.0,5.0,1.0,1.0,0.0,0.0,24.0,17,12.0,11.0,1.0,57.9,8.0,7.0,9,33,18.0,2.0,540.0,75.0,21.0,8.0,36.4,12.0,54.5,329.0,17.0,7.0,17.0,9.0,322.0,28.0,3,0,0,10,0.0,0.0,0.0,53.0,16.0,45.7
2024-08-17,15:00,Sat,Premier League,Matchweek 1,Home,L,Everton,Brighton,0,3,0.5,1.4,40,James Tarkowski,4-2-3-1,4-2-3-1,9,1,11.1,0.0,0.0,18.4,0.0,0,0,0.5,0.05,-0.5,-0.5,399.0,347.0,45.0,0.0,8.0,17,27.0,1.0,0.0,1.0,0.0,298.0,7.0,7.0,74.7,6517.0,2622.0,0,0.2,0.7,4.0,32.0,6.0,1.0,29.0,15.0,11.0,1.0,0.0,1.0,1.0,0.0,23.0,11,10.0,7.0,6.0,66.7,6.0,10.0,13,36,11.0,1.0,499.0,52.0,18.0,5.0,31.3,11.0,68.8,263.0,12.0,4.0,13.0,10.0,291.0,27.0,1,1,0,8,0.0,0.0,0.0,45.0,18.0,58.1,0,2,0.5,1.2,47,Mario Lemina,4-2-3-1,4-3-3,Match Report,9,3,33.3,0.0,0.0,19.3,1.0,0,0,0.5,0.05,-0.5,-0.5,406.0,361.0,44.0,1.0,1.0,14,15.0,2.0,1.0,1.0,0.0,324.0,1.0,6.0,79.8,5925.0,2051.0,0,0.2,0.3,4.0,39.0,5.0,4.0,24.0,13.0,10.0,1.0,0.0,1.0,1.0,0.0,19.0,12,15.0,3.0,1.0,52.6,9.0,7.0,7,26,13.0,0.0,493.0,68.0,16.0,8.0,44.4,8.0,44.4,306.0,12.0,6.0,16.0,10.0,318.0,24.0,2,0,0,14,0.0,0.0,0.0,36.0,13.0,43.3
2024-08-17,12:30,Sat,Premier League,Matchweek 1,Home,L,Ipswich Town,Liverpool,0,2,0.5,2.6,38,Sam Morsy,4-2-3-1,4-2-3-1,7,2,28.6,0.0,0.0,16.0,0.0,0,0,0.5,0.06,-0.5,-0.5,381.0,333.0,43.0,0.0,2.0,8,14.0,2.0,0.0,1.0,0.0,290.0,5.0,13.0,76.1,4991.0,2077.0,0,0.3,0.2,4.0,19.0,5.0,0.0,21.0,12.0,6.0,4.0,1.0,1.0,0.0,0.0,20.0,10,17.0,2.0,1.0,50.0,11.0,9.0,9,29,28.0,0.0,497.0,125.0,16.0,3.0,30.0,5.0,50.0,254.0,16.0,5.0,11.0,4.0,286.0,21.0,3,0,0,9,0.0,0.0,0.0,36.0,11.0,37.9,2,1,2.0,2.3,48,John McGinn,4-2-3-1,4-1-4-1,Match Report,15,3,20.0,0.13,0.67,15.2,0.0,0,0,2.0,0.14,0.0,0.0,433.0,383.0,49.0,4.0,1.0,15,19.0,3.0,3.0,0.0,0.0,348.0,1.0,11.0,80.4,6106.0,2145.0,2,1.7,0.9,12.0,28.0,6.0,0.0,25.0,23.0,16.0,2.0,2.0,0.0,0.0,3.0,24.0,15,8.0,13.0,3.0,60.0,4.0,9.0,7,31,22.0,0.0,561.0,67.0,21.0,8.0,53.3,7.0,46.7,310.0,23.0,4.0,15.0,7.0,344.0,25.0,2,0,0,11,0.0,1.0,0.0,38.0,12.0,46.2
2024-08-17,15:00,Sat,Premier League,Matchweek 1,Home,W,Newcastle United,Southampton,1,0,0.3,1.8,23,Bruno Guimarães,4-3-3,3-5-2,3,1,33.3,0.33,1.0,13.2,0.0,0,0,0.3,0.08,0.7,0.7,207.0,163.0,43.0,0.0,1.0,12,11.0,3.0,3.0,0.0,0.0,128.0,1.0,6.0,61.8,2221.0,1134.0,1,0.3,0.2,3.0,6.0,4.0,0.0,15.0,6.0,2.0,1.0,0.0,2.0,1.0,2.0,16.0,14,8.0,7.0,1.0,53.8,6.0,13.0,4,20,39.0,0.0,317.0,84.0,12.0,1.0,14.3,5.0,71.4,108.0,8.0,1.0,10.0,8.0,127.0,15.0,2,1,0,15,0.0,0.0,0.0,31.0,7.0,43.8,2,0,2.6,0.5,62,Virgil van Dijk,4-2-3-1,4-2-3-1,Match Report,18,5,27.8,0.11,0.4,14.8,0.0,0,0,2.6,0.15,-0.6,-0.6,620.0,567.0,53.0,6.0,4.0,23,24.0,10.0,8.0,1.0,0.0,520.0,0.0,9.0,83.9,8751.0,3005.0,1,2.0,2.4,12.0,35.0,10.0,1.0,39.0,29.0,24.0,0.0,2.0,0.0,0.0,4.0,9.0,4,4.0,2.0,3.0,62.5,3.0,12.0,5,14,17.0,1.0,720.0,83.0,46.0,11.0,47.8,11.0,47.8,407.0,25.0,12.0,9.0,9.0,514.0,38.0,1,0,0,18,0.0,0.0,0.0,40.0,18.0,62.1
2024-08-17,15:00,Sat,Premier League,Matchweek 1,Home,D,Nottingham Forest,Bournemouth,1,1,1.3,1.2,53,Morgan Gibbs-White,4-2-3-1,4-2-3-1,14,8,57.1,0.07,0.13,19.2,0.0,0,0,1.3,0.1,-0.3,-0.3,543.0,490.0,52.0,1.0,0.0,13,23.0,2.0,2.0,0.0,0.0,420.0,1.0,12.0,77.3,6760.0,2706.0,0,0.5,0.8,11.0,24.0,11.0,2.0,37.0,26.0,22.0,1.0,0.0,0.0,0.0,1.0,24.0,12,11.0,11.0,2.0,66.7,5.0,9.0,7,31,26.0,0.0,677.0,87.0,28.0,9.0,39.1,10.0,43.5,299.0,18.0,3.0,12.0,8.0,410.0,35.0,1,0,0,17,0.0,0.0,0.0,49.0,25.0,62.5,1,1,1.2,1.3,47,Neto,4-2-3-1,4-2-3-1,Match Report,13,4,30.8,0.08,0.25,19.6,1.0,0,0,1.2,0.09,-0.2,-0.2,485.0,433.0,48.0,0.0,3.0,25,18.0,6.0,4.0,0.0,0.0,363.0,4.0,11.0,74.8,6628.0,2447.0,0,0.5,0.5,7.0,33.0,6.0,0.0,49.0,24.0,19.0,2.0,0.0,1.0,1.0,2.0,18.0,7,8.0,7.0,3.0,52.6,9.0,10.0,14,32,29.0,1.0,628.0,71.0,22.0,5.0,25.0,10.0,50.0,327.0,18.0,5.0,8.0,14.0,359.0,49.0,3,0,0,8,0.0,0.0,0.0,57.0,15.0,37.5
2024-08-17,15:00,Sat,Premier League,Matchweek 1,Home,W,Arsenal,Wolves,2,0,1.2,0.5,53,Martin Ødegaard,4-3-3,4-2-3-1,18,6,33.3,0.11,0.33,17.3,0.0,0,0,1.2,0.07,0.8,0.8,458.0,410.0,48.0,0.0,4.0,15,18.0,8.0,6.0,0.0,0.0,382.0,0.0,7.0,83.4,6872.0,2400.0,2,1.2,0.9,17.0,24.0,17.0,2.0,53.0,35.0,29.0,3.0,1.0,0.0,0.0,4.0,18.0,13,9.0,6.0,3.0,50.0,8.0,5.0,8,26,16.0,2.0,569.0,63.0,42.0,9.0,40.9,10.0,45.5,340.0,18.0,10.0,13.0,9.0,376.0,52.0,2,0,0,17,0.0,0.0,0.0,30.0,17.0,56.7,0,1,1.8,0.3,77,Jack Stephens,3-5-2,4-3-3,Match Report,19,3,15.8,0.0,0.0,17.0,1.0,0,0,1.8,0.1,-1.8,-1.8,702.0,650.0,50.0,1.0,3.0,30,18.0,12.0,5.0,2.0,0.0,604.0,2.0,17.0,86.0,9503.0,2647.0,0,1.5,1.6,15.0,58.0,14.0,3.0,62.0,34.0,28.0,0.0,0.0,2.0,0.0,0.0,13.0,6,4.0,3.0,6.0,83.3,1.0,6.0,3,16,13.0,1.0,788.0,51.0,46.0,6.0,42.9,7.0,50.0,476.0,31.0,9.0,10.0,9.0,597.0,61.0,4,0,0,16,0.0,0.0,0.0,35.0,9.0,56.3
2024-08-17,17:30,Sat,Premier League,Matchweek 1,Home,L,West Ham United,Aston Villa,1,2,2.3,2.0,52,Jarrod Bowen,4-1-4-1,4-2-3-1,13,2,15.4,0.0,0.0,13.6,0.0,1,1,1.5,0.13,-1.3,-1.5,464.0,423.0,40.0,0.0,4.0,25,14.0,5.0,4.0,1.0,0.0,377.0,1.0,11.0,81.3,6787.0,2273.0,0,1.1,1.1,10.0,20.0,9.0,3.0,30.0,26.0,19.0,2.0,2.0,1.0,0.0,2.0,14.0,10,9.0,5.0,0.0,46.7,8.0,8.0,6,20,24.0,0.0,571.0,66.0,22.0,4.0,36.4,6.0,54.5,327.0,20.0,6.0,16.0,18.0,372.0,30.0,1,0,0,18,1.0,0.0,0.0,39.0,14.0,53.8,3,0,1.4,0.5,60,Lewis Dunk,4-2-3-1,4-2-3-1,Match Report,10,5,50.0,0.3,0.6,13.8,0.0,0,0,1.4,0.14,1.6,1.6,605.0,557.0,47.0,1.0,4.0,14,14.0,5.0,2.0,2.0,0.0,510.0,1.0,10.0,84.3,8272.0,3083.0,3,1.4,1.0,10.0,20.0,7.0,1.0,38.0,19.0,13.0,2.0,3.0,1.0,0.0,5.0,21.0,13,6.0,10.0,5.0,68.8,5.0,7.0,8,29,18.0,1.0,711.0,102.0,26.0,6.0,33.3,12.0,66.7,456.0,18.0,11.0,15.0,11.0,504.0,38.0,1,0,0,8,0.0,0.0,0.0,43.0,13.0,41.9
2024-08-18,14:00,Sun,Premier League,Matchweek 1,Home,W,Brentford,Crystal Palace,2,1,1.6,1.2,46,Christian Nørgaard,4-3-3,3-4-3,9,5,55.6,0.22,0.4,12.5,0.0,0,0,1.6,0.2,0.4,0.4,440.0,394.0,45.0,2.0,3.0,17,14.0,4.0,3.0,0.0,0.0,331.0,1.0,9.0,75.2,6367.0,2592.0,1,0.6,0.6,7.0,22.0,4.0,3.0,31.0,15.0,11.0,1.0,2.0,0.0,0.0,3.0,19.0,10,5.0,10.0,4.0,82.4,3.0,9.0,11,30,20.0,0.0,542.0,87.0,12.0,5.0,31.3,8.0,50.0,318.0,16.0,3.0,9.0,14.0,325.0,31.0,1,0,0,6,0.0,0.0,1.0,47.0,19.0,57.6,1,2,1.2,1.6,54,Marc Guéhi,3-4-3,4-3-3,Match Report,14,6,42.9,0.0,0.0,19.2,1.0,0,0,1.2,0.08,-1.2,-1.2,519.0,472.0,44.0,2.0,1.0,14,18.0,7.0,3.0,0.0,0.0,410.0,3.0,8.0,79.0,6630.0,2142.0,0,0.8,0.6,9.0,36.0,7.0,1.0,32.0,23.0,19.0,1.0,1.0,1.0,0.0,0.0,22.0,13,5.0,12.0,5.0,61.5,5.0,9.0,5,27,29.0,1.0,640.0,55.0,20.0,3.0,16.7,14.0,77.8,316.0,14.0,5.0,9.0,5.0,409.0,31.0,5,0,0,15,0.0,0.0,0.0,49.0,14.0,42.4
2024-08-18,16:30,Sun,Premier League,Matchweek 1,Home,L,Chelsea,Manchester City,0,2,1.0,0.8,48,Enzo Fernández,4-2-3-1,3-2-4-1,10,3,30.0,0.0,0.0,17.1,0.0,0,0,1.0,0.1,-1.0,-1.0,531.0,489.0,40.0,2.0,2.0,18,17.0,4.0,3.0,0.0,0.0,461.0,2.0,3.0,86.8,7768.0,2625.0,0,1.0,0.9,9.0,34.0,11.0,5.0,26.0,20.0,18.0,0.0,1.0,0.0,0.0,0.0,20.0,14,7.0,9.0,4.0,34.8,15.0,7.0,10,30,13.0,1.0,629.0,64.0,24.0,4.0,36.4,7.0,63.6,370.0,16.0,2.0,10.0,9.0,459.0,26.0,1,0,0,12,0.0,0.0,0.0,43.0,3.0,37.5,2,0,0.8,1.0,52,Kevin De Bruyne,3-2-4-1,4-2-3-1,Match Report,11,5,45.5,0.18,0.4,19.1,0.0,0,0,0.8,0.07,1.2,1.2,570.0,528.0,41.0,2.0,1.0,11,18.0,3.0,2.0,0.0,0.0,501.0,1.0,7.0,87.9,8217.0,2491.0,1,0.6,0.9,8.0,29.0,6.0,0.0,32.0,19.0,16.0,0.0,3.0,0.0,0.0,3.0,16.0,9,10.0,4.0,2.0,63.6,4.0,2.0,10,26,18.0,0.0,664.0,76.0,24.0,15.0,50.0,8.0,26.7,385.0,41.0,13.0,8.0,12.0,496.0,32.0,1,0,0,9,0.0,0.0,0.0,41.0,5.0,62.5
2024-08-19,20:00,Mon,Premier League,Matchweek 1,Home,D,Leicester City,Tottenham,1,1,1.0,1.2,30,Jamie Vardy,4-2-3-1,4-3-3,7,3,42.9,0.14,0.33,16.4,0.0,0,0,1.0,0.15,0.0,0.0,313.0,272.0,39.0,3.0,1.0,15,16.0,2.0,0.0,2.0,0.0,237.0,2.0,5.0,75.7,4016.0,1704.0,1,0.9,1.0,5.0,20.0,7.0,4.0,23.0,13.0,9.0,1.0,1.0,1.0,0.0,2.0,22.0,15,16.0,3.0,3.0,45.8,13.0,14.0,10,32,42.0,0.0,454.0,89.0,10.0,7.0,36.8,9.0,47.4,212.0,12.0,2.0,14.0,14.0,235.0,23.0,1,0,0,11,0.0,0.0,0.0,37.0,8.0,47.1,1,1,1.2,1.0,70,Son Heung-min,4-3-3,4-2-3-1,Match Report,15,6,40.0,0.07,0.17,13.7,0.0,0,0,1.2,0.08,-0.2,-0.2,724.0,671.0,52.0,2.0,3.0,28,18.0,13.0,5.0,3.0,0.0,631.0,1.0,18.0,87.2,10258.0,3287.0,1,1.1,2.4,12.0,59.0,19.0,5.0,69.0,30.0,20.0,4.0,1.0,3.0,1.0,2.0,23.0,13,5.0,11.0,7.0,56.3,7.0,7.0,6,29,16.0,0.0,840.0,44.0,58.0,13.0,50.0,11.0,42.3,465.0,24.0,12.0,14.0,11.0,627.0,69.0,1,0,0,12,0.0,0.0,0.0,45.0,9.0,52.9
2024-08-24,15:00,Sat,Premier League,Matchweek 2,Home,L,Crystal Palace,West Ham,0,2,1.3,1.4,58,Marc Guéhi,3-4-3,4-1-4-1,14,2,14.3,0.0,0.0,19.5,0.0,0,0,1.3,0.1,-1.3,-1.3,596.0,541.0,52.0,2.0,3.0,20,17.0,3.0,2.0,0.0,0.0,478.0,3.0,6.0,80.2,8964.0,3000.0,0,1.3,0.9,13.0,43.0,5.0,2.0,49.0,26.0,23.0,2.0,0.0,0.0,0.0,0.0,23.0,11,9.0,10.0,4.0,39.1,14.0,6.0,9,32,12.0,0.0,709.0,64.0,22.0,3.0,21.4,11.0,78.6,386.0,16.0,7.0,16.0,9.0,473.0,48.0,1,0,0,9,0.0,0.0,0.0,47.0,13.0,36.1,1,4,0.3,3.3,25,Sam Morsy,5-4-1,3-2-4-1,Match Report,1,1,100.0,1.0,1.0,21.1,0.0,0,0,0.3,0.29,0.7,0.7,266.0,236.0,29.0,1.0,0.0,6,10.0,1.0,1.0,0.0,0.0,211.0,1.0,7.0,79.3,3269.0,1169.0,1,0.3,0.3,1.0,11.0,1.0,1.0,9.0,2.0,2.0,0.0,0.0,0.0,0.0,2.0,17.0,8,13.0,3.0,1.0,38.9,11.0,13.0,10,27,41.0,2.0,387.0,94.0,5.0,2.0,25.0,6.0,75.0,210.0,3.0,0.0,14.0,8.0,210.0,9.0,3,0,0,15,0.0,1.0,0.0,24.0,7.0,58.3
2024-08-24,15:00,Sat,Premier League,Matchweek 2,Home,W,Manchester City,Ipswich Town,4,1,3.3,0.3,75,Kevin De Bruyne,3-2-4-1,5-4-1,13,4,30.8,0.23,0.75,17.8,1.0,1,1,2.6,0.2,0.7,0.4,796.0,747.0,46.0,2.0,2.0,17,20.0,10.0,3.0,1.0,0.0,726.0,3.0,13.0,91.2,11491.0,2774.0,2,2.3,1.9,11.0,61.0,18.0,4.0,60.0,28.0,22.0,2.0,1.0,2.0,1.0,8.0,14.0,6,5.0,4.0,5.0,75.0,2.0,8.0,6,20,9.0,0.0,884.0,33.0,47.0,11.0,55.0,7.0,35.0,501.0,27.0,11.0,16.0,10.0,718.0,60.0,2,0,0,4,1.0,0.0,0.0,32.0,5.0,41.7,0,4,1.0,2.4,30,James Tarkowski,4-2-3-1,4-3-3,Match Report,10,1,10.0,0.0,0.0,10.0,0.0,0,0,1.0,0.1,-1.0,-1.0,287.0,241.0,42.0,2.0,0.0,15,15.0,5.0,3.0,2.0,0.0,211.0,4.0,8.0,73.5,4422.0,1978.0,0,0.9,0.9,8.0,16.0,5.0,2.0,22.0,17.0,7.0,4.0,1.0,1.0,0.0,0.0,29.0,19,16.0,9.0,4.0,65.0,7.0,7.0,15,44,16.0,1.0,401.0,61.0,23.0,5.0,22.7,16.0,72.7,209.0,10.0,4.0,9.0,6.0,209.0,22.0,0,0,0,15,0.0,0.0,0.0,43.0,14.0,56.0
2024-08-24,17:30,Sat,Premier League,Matchweek 2,Home,L,Aston Villa,Arsenal,0,2,1.2,0.9,40,John McGinn,4-4-2,4-3-3,11,3,27.3,0.0,0.0,16.0,0.0,0,0,1.2,0.12,-1.2,-1.2,358.0,311.0,44.0,2.0,2.0,10,11.0,4.0,3.0,1.0,0.0,287.0,3.0,8.0,80.2,4799.0,1818.0,0,0.7,0.5,9.0,20.0,5.0,1.0,17.0,19.0,13.0,1.0,1.0,0.0,1.0,0.0,22.0,10,11.0,5.0,6.0,60.0,6.0,3.0,4,26,17.0,1.0,457.0,84.0,16.0,11.0,52.4,7.0,33.3,237.0,16.0,4.0,10.0,10.0,278.0,17.0,1,0,0,8,0.0,0.0,0.0,33.0,9.0,56.3,1,2,0.6,1.8,46,Jamie Vardy,4-2-3-1,4-2-3-1,Match Report,10,4,40.0,0.1,0.25,22.5,1.0,0,0,0.6,0.06,0.4,0.4,489.0,441.0,43.0,1.0,2.0,12,10.0,5.0,5.0,0.0,0.0,402.0,5.0,7.0,82.2,6986.0,2369.0,1,0.4,0.4,6.0,18.0,1.0,1.0,22.0,16.0,8.0,4.0,1.0,2.0,0.0,2.0,21.0,14,10.0,9.0,2.0,69.2,4.0,15.0,7,28,30.0,1.0,606.0,99.0,9.0,7.0,38.9,7.0,38.9,337.0,8.0,2.0,12.0,7.0,398.0,22.0,2,0,0,13,0.0,0.0,0.0,38.0,13.0,44.8
2024-08-24,15:00,Sat,Premier League,Matchweek 2,Home,W,Fulham,Leicester City,2,1,1.8,0.6,54,Bernd Leno,4-2-3-1,4-2-3-1,18,6,33.3,0.11,0.33,15.8,1.0,0,0,1.8,0.1,0.2,0.2,582.0,530.0,52.0,0.0,4.0,21,21.0,7.0,1.0,5.0,0.0,489.0,0.0,15.0,84.0,8889.0,2964.0,2,1.7,1.2,17.0,44.0,12.0,1.0,58.0,34.0,24.0,5.0,1.0,1.0,2.0,4.0,14.0,10,4.0,3.0,7.0,50.0,7.0,5.0,8,22,8.0,0.0,689.0,51.0,30.0,4.0,21.1,9.0,47.4,404.0,16.0,6.0,21.0,12.0,486.0,57.0,2,0,0,14,0.0,0.0,0.0,44.0,16.0,55.2,1,2,1.4,2.1,52,Bruno Fernandes,4-2-3-1,4-2-3-1,Match Report,11,3,27.3,0.09,0.33,16.3,0.0,0,0,1.4,0.13,-0.4,-0.4,552.0,512.0,34.0,4.0,1.0,12,14.0,4.0,2.0,0.0,1.0,470.0,6.0,11.0,85.1,8021.0,3065.0,1,1.4,1.3,11.0,28.0,7.0,2.0,34.0,21.0,18.0,2.0,0.0,0.0,0.0,2.0,19.0,11,13.0,3.0,3.0,58.3,10.0,8.0,12,31,9.0,0.0,643.0,87.0,26.0,10.0,45.5,9.0,40.9,433.0,15.0,7.0,7.0,8.0,466.0,33.0,2,0,0,13,0.0,0.0,0.0,50.0,6.0,42.9
2024-08-24,12:30,Sat,Premier League,Matchweek 2,Home,W,Brighton and Hove Albion,Manchester Utd,2,1,2.1,1.4,48,Lewis Dunk,4-2-3-1,4-2-3-1,14,4,28.6,0.14,0.5,14.2,1.0,0,0,2.1,0.15,-0.1,-0.1,514.0,466.0,48.0,2.0,5.0,12,19.0,4.0,2.0,2.0,0.0,435.0,0.0,8.0,84.6,7745.0,2737.0,2,2.0,2.3,12.0,34.0,10.0,2.0,46.0,27.0,20.0,1.0,2.0,3.0,0.0,4.0,17.0,12,9.0,7.0,1.0,47.4,10.0,11.0,7,24,11.0,0.0,616.0,81.0,33.0,10.0,41.7,14.0,58.3,369.0,24.0,8.0,12.0,5.0,433.0,46.0,1,0,0,9,0.0,0.0,0.0,42.0,8.0,57.1,1,0,2.2,0.1,36,Morgan Gibbs-White,4-2-3-1,3-5-2,Match Report,23,8,34.8,0.04,0.13,17.2,0.0,0,0,2.2,0.11,-1.2,-1.2,383.0,342.0,40.0,1.0,2.0,19,11.0,10.0,5.0,5.0,0.0,306.0,1.0,11.0,79.9,5229.0,1881.0,0,1.9,1.0,17.0,24.0,7.0,2.0,29.0,37.0,27.0,2.0,2.0,0.0,0.0,1.0,24.0,15,12.0,10.0,2.0,63.2,7.0,5.0,11,35,23.0,0.0,503.0,44.0,33.0,7.0,35.0,11.0,55.0,280.0,23.0,13.0,9.0,7.0,303.0,29.0,3,0,0,14,0.0,0.0,0.0,50.0,11.0,73.3
2024-08-24,15:00,Sat,Premier League,Matchweek 2,Home,W,Tottenham Hotspur,Everton,4,0,2.4,1.0,70,Son Heung-min,4-3-3,4-2-3-1,13,7,53.8,0.31,0.57,14.1,1.0,0,0,2.4,0.19,1.6,1.6,658.0,606.0,52.0,3.0,5.0,20,19.0,12.0,6.0,1.0,0.0,574.0,0.0,9.0,87.2,8899.0,2733.0,3,1.4,1.1,11.0,33.0,12.0,3.0,52.0,21.0,14.0,3.0,2.0,1.0,0.0,4.0,22.0,16,10.0,11.0,1.0,76.2,5.0,5.0,4,26,14.0,1.0,765.0,63.0,30.0,7.0,29.2,13.0,54.2,525.0,22.0,6.0,13.0,16.0,566.0,51.0,0,0,0,11,0.0,0.0,0.0,43.0,11.0,44.0,2,0,0.9,1.2,60,Martin Ødegaard,4-3-3,4-4-2,Match Report,9,4,44.4,0.22,0.5,18.8,0.0,0,0,0.9,0.1,1.1,1.1,544.0,512.0,31.0,5.0,3.0,13,12.0,1.0,1.0,0.0,0.0,483.0,1.0,4.0,88.8,7944.0,2177.0,1,0.7,1.4,7.0,35.0,11.0,0.0,49.0,18.0,17.0,0.0,1.0,0.0,0.0,4.0,17.0,9,5.0,8.0,4.0,38.9,11.0,6.0,8,25,16.0,1.0,635.0,46.0,32.0,6.0,35.3,9.0,52.9,401.0,20.0,7.0,9.0,13.0,474.0,48.0,3,0,0,16,0.0,0.0,0.0,33.0,7.0,43.8
2024-08-24,15:00,Sat,Premier League,Matchweek 2,Home,L,Southampton,Nott'ham Forest,0,1,0.1,2.2,64,Jack Stephens,3-5-2,4-2-3-1,5,1,20.0,0.0,0.0,19.7,0.0,0,0,0.1,0.03,-0.1,-0.1,691.0,648.0,43.0,0.0,0.0,14,13.0,4.0,1.0,2.0,0.0,618.0,0.0,5.0,89.4,9663.0,2830.0,0,0.1,0.4,4.0,31.0,9.0,2.0,49.0,9.0,6.0,1.0,0.0,1.0,0.0,0.0,18.0,12,12.0,5.0,1.0,61.1,7.0,9.0,2,20,19.0,2.0,800.0,70.0,20.0,7.0,31.8,12.0,54.5,481.0,29.0,5.0,13.0,12.0,609.0,49.0,3,0,0,14,0.0,0.0,0.0,39.0,4.0,26.7,2,0,1.4,1.3,42,Jarrod Bowen,4-1-4-1,3-4-3,Match Report,18,3,16.7,0.11,0.67,17.2,0.0,0,0,1.4,0.08,0.6,0.6,425.0,382.0,41.0,2.0,3.0,14,13.0,3.0,0.0,3.0,0.0,320.0,2.0,9.0,75.3,6024.0,2306.0,1,0.6,0.8,8.0,23.0,3.0,0.0,28.0,26.0,14.0,3.0,2.0,0.0,1.0,3.0,20.0,12,9.0,9.0,2.0,78.6,3.0,6.0,15,35,25.0,0.0,558.0,83.0,21.0,14.0,53.8,9.0,34.6,225.0,19.0,5.0,13.0,14.0,315.0,28.0,1,0,0,17,0.0,0.0,0.0,52.0,23.0,63.9
2024-08-25,14:00,Sun,Premier League,Matchweek 2,Home,D,Bournemouth,Newcastle Utd,1,1,2.2,1.6,39,Neto,4-2-3-1,4-3-3,16,4,25.0,0.06,0.25,16.5,1.0,0,0,2.2,0.14,-1.2,-1.2,359.0,315.0,44.0,0.0,0.0,19,18.0,8.0,6.0,1.0,0.0,263.0,0.0,8.0,73.3,5183.0,2158.0,1,2.2,1.8,14.0,28.0,6.0,1.0,31.0,29.0,23.0,2.0,0.0,2.0,1.0,1.0,21.0,16,11.0,5.0,5.0,53.8,6.0,19.0,6,27,35.0,0.0,515.0,68.0,26.0,2.0,14.3,12.0,85.7,211.0,16.0,8.0,13.0,9.0,259.0,30.0,2,0,0,20,0.0,0.0,0.0,60.0,13.0,56.5,1,1,1.6,2.2,61,Bruno Guimarães,4-3-3,4-2-3-1,Match Report,14,5,35.7,0.07,0.2,12.6,0.0,0,0,1.6,0.12,-0.6,-0.6,552.0,487.0,65.0,1.0,4.0,26,25.0,9.0,4.0,2.0,0.0,428.0,0.0,20.0,77.5,7309.0,3014.0,1,1.7,1.4,14.0,32.0,15.0,5.0,45.0,26.0,22.0,2.0,1.0,0.0,0.0,2.0,21.0,12,9.0,9.0,3.0,85.7,2.0,6.0,4,25,16.0,1.0,658.0,70.0,31.0,6.0,40.0,7.0,46.7,388.0,19.0,8.0,17.0,14.0,422.0,45.0,2,0,0,8,0.0,0.0,0.0,59.0,10.0,43.5
2024-08-25,16:30,Sun,Premier League,Matchweek 2,Home,W,Liverpool,Brentford,2,0,2.5,0.5,62,Virgil van Dijk,4-2-3-1,4-4-2,19,8,42.1,0.11,0.25,13.6,1.0,0,0,2.5,0.14,-0.5,-0.5,638.0,596.0,41.0,3.0,3.0,15,18.0,9.0,6.0,2.0,0.0,571.0,1.0,4.0,89.5,9545.0,3284.0,2,2.5,1.6,17.0,49.0,18.0,2.0,59.0,35.0,26.0,2.0,2.0,1.0,0.0,3.0,17.0,10,9.0,3.0,5.0,68.4,6.0,11.0,7,24,12.0,0.0,741.0,61.0,40.0,8.0,50.0,5.0,31.3,514.0,25.0,13.0,22.0,5.0,566.0,58.0,2,0,0,10,0.0,0.0,0.0,47.0,6.0,42.9,0,2,0.5,2.5,38,Christian Nørgaard,4-4-2,4-2-3-1,Match Report,8,2,25.0,0.0,0.0,18.1,0.0,0,0,0.5,0.07,-0.5,-0.5,399.0,355.0,42.0,0.0,5.0,10,20.0,4.0,2.0,0.0,0.0,322.0,2.0,13.0,80.7,6275.0,2100.0,0,0.5,0.4,5.0,18.0,5.0,1.0,26.0,15.0,7.0,3.0,1.0,3.0,0.0,0.0,10.0,6,8.0,2.0,0.0,38.5,8.0,4.0,5,15,15.0,0.0,493.0,92.0,8.0,6.0,27.3,13.0,59.1,282.0,11.0,2.0,15.0,4.0,316.0,26.0,3,0,0,7,0.0,0.0,0.0,42.0,8.0,57.1
2024-08-25,14:00,Sun,Premier League,Matchweek 2,Home,L,Wolverhampton Wanderers,Chelsea,2,6,1.9,1.6,40,Mario Lemina,4-2-3-1,4-2-3-1,12,4,33.3,0.17,0.5,19.1,1.0,0,0,1.9,0.16,0.1,0.1,357.0,307.0,47.0,2.0,3.0,13,19.0,5.0,2.0,3.0,0.0,272.0,3.0,11.0,76.2,4598.0,1668.0,2,1.7,1.2,8.0,18.0,10.0,0.0,27.0,19.0,12.0,3.0,0.0,2.0,2.0,4.0,19.0,10,10.0,7.0,2.0,50.0,9.0,10.0,9,28,20.0,0.0,463.0,65.0,24.0,8.0,44.4,8.0,44.4,230.0,17.0,4.0,11.0,6.0,270.0,27.0,2,0,0,13,0.0,0.0,0.0,43.0,8.0,61.5,6,2,1.6,1.9,60,Enzo Fernández,4-2-3-1,4-2-3-1,Match Report,14,8,57.1,0.43,0.75,15.4,1.0,0,0,1.6,0.12,4.4,4.4,525.0,477.0,47.0,1.0,2.0,11,13.0,5.0,3.0,0.0,0.0,445.0,1.0,10.0,84.8,7681.0,2530.0,5,1.5,0.6,12.0,26.0,7.0,0.0,32.0,27.0,21.0,1.0,3.0,1.0,0.0,11.0,14.0,11,4.0,8.0,2.0,50.0,8.0,9.0,9,23,20.0,2.0,623.0,70.0,20.0,9.0,47.4,9.0,47.4,406.0,26.0,8.0,13.0,10.0,440.0,32.0,3,0,0,13,0.0,0.0,0.0,39.0,5.0,38.5
2024-08-31,15:00,Sat,Premier League,Matchweek 3,Home,D,Nottingham Forest,Wolves,1,1,1.0,0.7,52,Morgan Gibbs-White,4-2-3-1,4-4-1-1,16,5,31.3,0.06,0.2,14.6,1.0,0,0,1.0,0.06,0.0,0.0,412.0,358.0,50.0,0.0,1.0,23,17.0,7.0,4.0,3.0,0.0,312.0,4.0,10.0,75.7,5668.0,2317.0,1,1.0,1.2,15.0,34.0,6.0,1.0,38.0,30.0,21.0,3.0,2.0,2.0,1.0,2.0,17.0,12,7.0,10.0,0.0,42.9,8.0,6.0,10,27,13.0,0.0,525.0,44.0,36.0,8.0,38.1,8.0,38.1,275.0,25.0,10.0,18.0,15.0,312.0,38.0,3,0,0,15,0.0,0.0,0.0,44.0,14.0,46.7,1,1,0.7,1.0,48,Mario Lemina,4-4-1-1,4-2-3-1,Match Report,11,2,18.2,0.09,0.5,20.7,0.0,0,0,0.7,0.07,0.3,0.3,383.0,335.0,48.0,3.0,5.0,7,17.0,3.0,3.0,0.0,0.0,292.0,0.0,7.0,76.2,5227.0,1962.0,1,0.5,0.5,8.0,22.0,3.0,0.0,21.0,18.0,14.0,0.0,1.0,0.0,0.0,1.0,23.0,14,9.0,11.0,3.0,50.0,8.0,8.0,10,33,27.0,0.0,520.0,70.0,13.0,8.0,42.1,6.0,31.6,275.0,11.0,4.0,21.0,11.0,291.0,21.0,4,0,0,18,0.0,0.0,0.0,44.0,16.0,53.3
2024-08-31,15:00,Sat,Premier League,Matchweek 3,Home,L,Leicester City,Aston Villa,1,2,0.4,1.4,57,Jamie Vardy,4-2-3-1,4-4-2,9,3,33.3,0.11,0.33,20.6,0.0,0,0,0.4,0.05,0.6,0.6,545.0,506.0,36.0,1.0,3.0,18,6.0,1.0,1.0,0.0,0.0,471.0,3.0,7.0,86.4,7199.0,2461.0,1,0.3,1.0,5.0,40.0,5.0,1.0,31.0,15.0,11.0,1.0,1.0,2.0,0.0,2.0,22.0,11,4.0,14.0,4.0,35.0,13.0,8.0,11,33,18.0,0.0,653.0,49.0,15.0,6.0,35.3,7.0,41.2,420.0,13.0,2.0,18.0,10.0,467.0,31.0,4,0,0,13,0.0,0.0,0.0,45.0,9.0,47.4,2,1,1.4,0.4,43,John McGinn,4-4-2,4-2-3-1,Match Report,10,5,50.0,0.2,0.4,17.9,0.0,0,0,1.4,0.16,0.6,0.6,411.0,363.0,47.0,3.0,4.0,10,15.0,4.0,4.0,0.0,0.0,333.0,1.0,8.0,81.0,5783.0,2163.0,2,1.5,1.3,7.0,18.0,9.0,3.0,19.0,17.0,13.0,1.0,1.0,0.0,1.0,3.0,17.0,10,5.0,11.0,1.0,53.8,6.0,6.0,7,24,26.0,1.0,520.0,64.0,20.0,13.0,59.1,7.0,31.8,251.0,17.0,3.0,19.0,15.0,333.0,19.0,5,0,0,21,0.0,0.0,0.0,38.0,10.0,52.6
2024-08-31,17:30,Sat,Premier League,Matchweek 3,Home,L,West Ham United,Manchester City,1,3,0.7,3.0,33,Jarrod Bowen,4-2-3-1,3-2-4-1,10,2,20.0,0.0,0.0,16.9,0.0,0,0,0.7,0.07,-0.7,-0.7,379.0,341.0,38.0,0.0,4.0,14,19.0,3.0,1.0,1.0,0.0,310.0,0.0,13.0,81.8,4964.0,1915.0,0,0.4,0.6,6.0,25.0,8.0,2.0,23.0,17.0,12.0,2.0,1.0,0.0,1.0,0.0,11.0,6,7.0,3.0,1.0,20.0,12.0,8.0,6,17,20.0,1.0,468.0,76.0,23.0,10.0,58.8,5.0,29.4,283.0,17.0,5.0,10.0,10.0,306.0,23.0,3,0,0,10,0.0,0.0,0.0,29.0,9.0,56.3,3,2,2.4,1.8,53,Lewis Cook,4-2-3-1,4-2-3-1,Match Report,17,7,41.2,0.18,0.43,14.9,0.0,0,0,2.4,0.15,0.6,0.6,441.0,391.0,48.0,0.0,2.0,24,19.0,4.0,3.0,1.0,0.0,327.0,2.0,9.0,74.1,5895.0,2374.0,3,2.2,1.8,14.0,23.0,11.0,8.0,36.0,33.0,25.0,3.0,2.0,1.0,0.0,6.0,26.0,10,13.0,8.0,5.0,47.4,10.0,8.0,7,33,24.0,0.0,569.0,69.0,28.0,5.0,27.8,11.0,61.1,317.0,22.0,5.0,17.0,6.0,324.0,36.0,1,0,0,11,0.0,0.0,0.0,51.0,17.0,43.6
2024-08-31,15:00,Sat,Premier League,Matchweek 3,Home,L,Everton,Bournemouth,2,3,1.8,2.4,47,Séamus Coleman,4-2-3-1,4-2-3-1,18,8,44.4,0.11,0.25,15.7,0.0,0,0,1.8,0.11,0.2,0.2,393.0,338.0,53.0,1.0,2.0,21,20.0,8.0,5.0,0.0,2.0,280.0,2.0,9.0,71.2,5361.0,2374.0,2,1.9,1.5,16.0,23.0,11.0,2.0,35.0,33.0,26.0,4.0,2.0,0.0,1.0,4.0,17.0,11,6.0,6.0,5.0,68.8,5.0,7.0,12,29,22.0,0.0,518.0,61.0,35.0,10.0,47.6,9.0,42.9,249.0,11.0,4.0,16.0,17.0,278.0,35.0,2,0,0,6,0.0,0.0,0.0,56.0,22.0,56.4,1,1,0.9,0.4,52,Bernd Leno,4-3-3,4-2-3-1,Match Report,9,4,44.4,0.11,0.25,13.1,0.0,0,0,0.9,0.11,0.1,0.1,469.0,412.0,57.0,0.0,4.0,26,23.0,6.0,4.0,1.0,0.0,383.0,0.0,9.0,81.7,6828.0,2007.0,1,0.9,1.0,8.0,21.0,5.0,2.0,29.0,17.0,11.0,2.0,3.0,0.0,0.0,2.0,11.0,7,6.0,4.0,1.0,16.7,10.0,6.0,6,17,13.0,0.0,545.0,60.0,19.0,14.0,70.0,6.0,30.0,327.0,14.0,6.0,10.0,7.0,377.0,28.0,3,0,0,15,0.0,0.0,0.0,30.0,12.0,52.2
2024-08-31,15:00,Sat,Premier League,Matchweek 3,Home,D,Ipswich Town,Fulham,1,1,0.4,0.9,48,Sam Morsy,4-2-3-1,4-3-3,11,4,36.4,0.09,0.25,18.0,1.0,0,0,0.4,0.04,0.6,0.6,434.0,396.0,34.0,3.0,4.0,16,7.0,8.0,7.0,0.0,0.0,360.0,4.0,8.0,82.9,6295.0,1931.0,1,0.4,0.4,9.0,28.0,3.0,1.0,26.0,20.0,12.0,3.0,3.0,1.0,1.0,2.0,13.0,9,5.0,1.0,7.0,30.0,14.0,8.0,4,17,30.0,0.0,529.0,66.0,13.0,10.0,71.4,2.0,14.3,273.0,13.0,1.0,12.0,9.0,357.0,26.0,2,0,0,15,0.0,0.0,0.0,39.0,11.0,47.8,1,3,1.5,2.8,63,Jack Stephens,3-5-2,4-3-3,Match Report,18,6,33.3,0.06,0.17,18.1,1.0,0,0,1.5,0.09,-0.5,-0.5,664.0,618.0,44.0,4.0,1.0,20,13.0,8.0,4.0,1.0,0.0,573.0,2.0,15.0,86.3,8784.0,2478.0,1,1.3,1.5,14.0,45.0,9.0,1.0,43.0,34.0,25.0,3.0,3.0,1.0,1.0,2.0,15.0,10,2.0,6.0,7.0,45.5,6.0,3.0,9,24,17.0,3.0,752.0,92.0,29.0,7.0,53.8,5.0,38.5,414.0,26.0,7.0,8.0,12.0,572.0,43.0,1,0,0,7,0.0,0.0,0.0,36.0,3.0,25.0
2024-08-31,12:30,Sat,Premier League,Matchweek 3,Home,D,Arsenal,Brighton,1,1,2.1,1.7,36,Martin Ødegaard,4-3-3,4-2-3-1,11,7,63.6,0.09,0.14,12.9,0.0,0,0,2.1,0.2,-1.1,-1.1,296.0,257.0,36.0,5.0,2.0,7,13.0,3.0,3.0,0.0,0.0,215.0,3.0,5.0,72.6,4044.0,1556.0,1,1.8,0.5,8.0,12.0,6.0,2.0,19.0,20.0,15.0,0.0,3.0,0.0,0.0,2.0,17.0,11,8.0,7.0,2.0,54.5,10.0,8.0,12,29,20.0,1.0,408.0,57.0,28.0,8.0,50.0,7.0,43.8,233.0,13.0,7.0,7.0,11.0,211.0,18.0,5,1,1,12,0.0,0.0,0.0,37.0,14.0,43.8,1,1,1.7,2.1,64,Lewis Dunk,4-2-3-1,4-3-3,Match Report,22,4,18.2,0.05,0.25,19.3,0.0,0,0,1.7,0.08,-0.7,-0.7,518.0,474.0,43.0,1.0,1.0,26,14.0,7.0,2.0,3.0,0.0,429.0,1.0,9.0,82.8,7481.0,2504.0,0,1.0,1.0,13.0,38.0,5.0,3.0,50.0,38.0,24.0,4.0,2.0,2.0,0.0,1.0,18.0,7,7.0,10.0,1.0,46.7,8.0,4.0,5,23,12.0,0.0,620.0,55.0,31.0,10.0,41.7,12.0,50.0,358.0,28.0,11.0,12.0,5.0,425.0,50.0,2,0,0,7,0.0,0.0,0.0,38.0,18.0,56.3
2024-08-31,15:00,Sat,Premier League,Matchweek 3,Home,W,Brentford,Southampton,3,1,2.8,1.5,37,Christian Nørgaard,4-3-3,3-5-2,20,7,35.0,0.15,0.43,14.5,0.0,0,0,2.8,0.14,0.2,0.2,398.0,358.0,39.0,2.0,3.0,13,22.0,2.0,1.0,0.0,0.0,331.0,1.0,3.0,83.2,5898.0,2424.0,1,1.5,1.4,16.0,27.0,9.0,2.0,38.0,37.0,29.0,2.0,2.0,1.0,1.0,5.0,17.0,13,9.0,2.0,6.0,41.7,7.0,11.0,11,28,24.0,0.0,521.0,79.0,41.0,6.0,54.5,5.0,45.5,291.0,20.0,9.0,12.0,10.0,328.0,38.0,2,0,0,10,0.0,0.0,0.0,40.0,9.0,75.0,3,1,3.0,0.7,67,Kevin De Bruyne,3-2-4-1,4-2-3-1,Match Report,23,8,34.8,0.13,0.38,15.0,1.0,0,0,3.0,0.13,0.0,0.0,762.0,722.0,39.0,4.0,2.0,22,11.0,11.0,2.0,3.0,1.0,691.0,1.0,9.0,90.7,11460.0,3117.0,3,2.7,2.7,20.0,67.0,19.0,1.0,77.0,42.0,31.0,5.0,2.0,1.0,0.0,5.0,15.0,12,8.0,4.0,3.0,33.3,10.0,11.0,7,22,19.0,1.0,857.0,74.0,57.0,12.0,63.2,3.0,15.8,461.0,39.0,16.0,7.0,8.0,681.0,77.0,2,0,0,3,0.0,0.0,1.0,43.0,7.0,43.8
2024-09-01,13:30,Sun,Premier League,Matchweek 3,Home,D,Chelsea,Crystal Palace,1,1,2.4,0.5,62,Enzo Fernández,4-2-3-1,3-4-3,13,7,53.8,0.08,0.14,15.9,1.0,0,0,2.4,0.18,-1.4,-1.4,628.0,593.0,35.0,3.0,3.0,19,14.0,4.0,4.0,0.0,0.0,553.0,0.0,7.0,88.1,10207.0,3075.0,1,2.0,1.1,10.0,58.0,7.0,0.0,50.0,25.0,19.0,2.0,1.0,2.0,0.0,2.0,13.0,7,5.0,5.0,3.0,53.8,6.0,8.0,8,21,18.0,0.0,749.0,45.0,19.0,11.0,40.7,13.0,48.1,378.0,23.0,2.0,22.0,6.0,548.0,50.0,4,0,0,9,0.0,0.0,0.0,46.0,10.0,58.8,1,2,1.2,1.8,65,Son Heung-min,4-2-3-1,4-3-3,Match Report,20,6,30.0,0.0,0.0,19.9,1.0,0,0,1.2,0.06,-1.2,-1.2,557.0,498.0,55.0,2.0,0.0,27,20.0,12.0,3.0,2.0,0.0,450.0,4.0,16.0,80.8,6707.0,1912.0,0,0.6,0.9,13.0,38.0,14.0,2.0,48.0,35.0,24.0,2.0,1.0,3.0,0.0,0.0,22.0,16,6.0,11.0,5.0,55.6,8.0,13.0,7,29,12.0,0.0,675.0,37.0,44.0,10.0,38.5,13.0,50.0,377.0,29.0,11.0,14.0,4.0,445.0,48.0,4,0,0,13,0.0,0.0,0.0,45.0,13.0,59.1
2024-09-01,13:30,Sun,Premier League,Matchweek 3,Home,W,Newcastle United,Tottenham,2,1,1.8,1.2,35,Bruno Guimarães,4-3-3,4-2-3-1,9,3,33.3,0.22,0.67,14.0,0.0,0,0,1.8,0.2,0.2,0.2,296.0,243.0,51.0,1.0,1.0,12,16.0,7.0,5.0,2.0,0.0,207.0,2.0,12.0,69.9,3548.0,1659.0,2,1.8,1.4,6.0,15.0,4.0,1.0,13.0,15.0,10.0,3.0,0.0,0.0,1.0,4.0,17.0,8,7.0,5.0,5.0,56.5,10.0,15.0,14,31,32.0,1.0,443.0,92.0,13.0,8.0,40.0,10.0,50.0,217.0,9.0,4.0,11.0,12.0,206.0,13.0,4,0,0,16,0.0,0.0,1.0,40.0,9.0,40.9,1,1,0.5,2.4,38,Marc Guéhi,3-4-3,4-2-3-1,Match Report,9,3,33.3,0.11,0.33,20.6,1.0,0,0,0.5,0.06,0.5,0.5,382.0,339.0,42.0,1.0,1.0,9,17.0,4.0,3.0,0.0,0.0,300.0,1.0,8.0,78.5,5076.0,1880.0,0,0.4,0.9,7.0,18.0,6.0,0.0,31.0,17.0,13.0,2.0,0.0,1.0,0.0,1.0,19.0,11,12.0,5.0,2.0,54.2,11.0,4.0,6,25,30.0,0.0,485.0,70.0,22.0,6.0,46.2,7.0,53.8,230.0,14.0,5.0,11.0,6.0,300.0,31.0,2,0,0,13,0.0,0.0,0.0,31.0,7.0,41.2
2024-09-01,16:00,Sun,Premier League,Matchweek 3,Home,L,Manchester United,Liverpool,0,3,1.4,1.8,53,Bruno Fernandes,4-2-3-1,4-2-3-1,8,3,37.5,0.0,0.0,15.6,0.0,0,0,1.4,0.17,-1.4,-1.4,556.0,504.0,52.0,1.0,1.0,19,26.0,5.0,3.0,0.0,1.0,453.0,0.0,14.0,81.5,7103.0,2494.0,0,1.3,1.0,7.0,31.0,6.0,3.0,33.0,16.0,16.0,0.0,0.0,0.0,0.0,0.0,32.0,20,15.0,14.0,3.0,73.7,5.0,5.0,7,39,10.0,4.0,661.0,73.0,26.0,8.0,36.4,13.0,59.1,407.0,12.0,8.0,19.0,11.0,446.0,31.0,4,0,0,7,0.0,0.0,0.0,51.0,5.0,27.8,3,0,1.8,1.4,47,Virgil van Dijk,4-2-3-1,4-2-3-1,Match Report,11,3,27.3,0.27,1.0,13.4,0.0,0,0,1.8,0.16,1.2,1.2,497.0,458.0,37.0,1.0,3.0,6,22.0,2.0,1.0,0.0,0.0,414.0,2.0,5.0,83.3,6917.0,2308.0,3,1.4,1.1,9.0,21.0,8.0,3.0,30.0,21.0,16.0,0.0,2.0,0.0,2.0,6.0,24.0,17,13.0,8.0,3.0,61.9,8.0,13.0,10,34,28.0,0.0,615.0,77.0,26.0,5.0,25.0,14.0,70.0,282.0,20.0,10.0,8.0,18.0,410.0,29.0,1,0,0,7,0.0,0.0,0.0,53.0,13.0,72.2
2024-09-14,12:30,Sat,Premier League,Matchweek 4,Home,L,Southampton,Manchester Utd,0,3,1.1,2.6,44,Jack Stephens,4-2-3-1,4-2-3-1,5,2,40.0,0.0,0.0,17.4,0.0,0,1,0.3,0.06,-1.1,-0.3,505.0,472.0,33.0,1.0,2.0,7,11.0,0.0,0.0,0.0,0.0,439.0,0.0,6.0,86.9,6902.0,2174.0,0,0.3,0.3,4.0,27.0,3.0,0.0,22.0,10.0,5.0,1.0,1.0,2.0,0.0,0.0,21.0,14,7.0,12.0,2.0,33.3,14.0,8.0,11,32,16.0,0.0,616.0,71.0,15.0,4.0,20.0,13.0,65.0,349.0,21.0,9.0,11.0,9.0,436.0,22.0,1,1,0,11,1.0,0.0,0.0,32.0,4.0,36.4,1,0,0.4,0.9,32,Ryan Yates,4-2-3-1,4-2-3-1,Match Report,5,3,60.0,0.2,0.33,18.6,0.0,0,0,0.4,0.09,0.6,0.6,304.0,250.0,49.0,2.0,2.0,6,20.0,2.0,0.0,2.0,0.0,197.0,5.0,4.0,64.8,3484.0,1818.0,1,0.4,0.2,5.0,20.0,3.0,0.0,21.0,10.0,9.0,1.0,0.0,0.0,0.0,2.0,22.0,15,13.0,7.0,2.0,68.4,6.0,8.0,11,33,32.0,2.0,421.0,70.0,5.0,6.0,42.9,5.0,35.7,196.0,10.0,2.0,19.0,7.0,195.0,21.0,4,0,0,6,0.0,0.0,0.0,44.0,12.0,36.4
2024-09-14,17:30,Sat,Premier League,Matchweek 4,Home,W,Aston Villa,Everton,3,2,2.1,0.9,72,John McGinn,4-2-3-1,4-2-3-1,17,7,41.2,0.18,0.43,14.0,0.0,0,0,2.1,0.13,0.9,0.9,709.0,666.0,42.0,6.0,1.0,21,18.0,6.0,4.0,1.0,1.0,628.0,1.0,7.0,88.6,10147.0,2990.0,2,1.7,2.2,12.0,72.0,13.0,2.0,52.0,33.0,24.0,4.0,1.0,1.0,1.0,6.0,20.0,15,5.0,12.0,3.0,63.2,7.0,8.0,4,24,9.0,2.0,804.0,32.0,29.0,6.0,33.3,8.0,44.4,535.0,15.0,4.0,13.0,16.0,616.0,52.0,1,0,0,10,0.0,0.0,0.0,37.0,8.0,42.1,3,0,2.6,1.1,56,Bruno Fernandes,4-2-3-1,4-2-3-1,Match Report,20,10,50.0,0.15,0.3,17.4,0.0,0,0,2.6,0.13,0.4,0.4,640.0,601.0,39.0,5.0,3.0,9,17.0,7.0,2.0,0.0,3.0,576.0,0.0,8.0,90.0,9585.0,2992.0,3,2.6,2.2,17.0,41.0,15.0,1.0,54.0,39.0,36.0,2.0,0.0,0.0,1.0,6.0,22.0,13,8.0,10.0,4.0,76.5,4.0,6.0,12,34,12.0,0.0,744.0,56.0,34.0,14.0,56.0,7.0,28.0,466.0,27.0,8.0,10.0,14.0,569.0,54.0,4,0,0,14,0.0,1.0,0.0,45.0,7.0,63.6
2024-09-14,20:00,Sat,Premier League,Matchweek 4,Home,L,Bournemouth,Chelsea,0,1,1.7,0.8,34,Adam Smith,4-2-3-1,4-2-3-1,18,6,33.3,0.0,0.0,22.4,0.0,0,1,0.9,0.05,-1.7,-0.9,317.0,275.0,38.0,1.0,0.0,17,17.0,6.0,6.0,0.0,0.0,214.0,4.0,4.0,67.5,4101.0,2043.0,0,0.8,0.6,13.0,26.0,10.0,3.0,36.0,32.0,23.0,1.0,2.0,2.0,2.0,0.0,14.0,8,6.0,7.0,1.0,33.3,12.0,6.0,10,24,17.0,1.0,426.0,36.0,26.0,9.0,50.0,6.0,33.3,214.0,12.0,6.0,14.0,6.0,212.0,36.0,6,0,0,16,1.0,0.0,0.0,59.0,15.0,57.7,1,1,0.8,1.5,46,Jarrod Bowen,4-2-3-1,4-2-3-1,Match Report,11,3,27.3,0.09,0.33,18.0,0.0,0,0,0.8,0.07,0.2,0.2,379.0,317.0,60.0,0.0,10.0,16,26.0,2.0,1.0,1.0,0.0,283.0,2.0,12.0,74.7,5050.0,1796.0,1,0.7,0.3,9.0,27.0,5.0,3.0,31.0,21.0,14.0,4.0,1.0,2.0,0.0,2.0,18.0,10,7.0,8.0,3.0,42.9,12.0,10.0,10,28,24.0,0.0,503.0,63.0,12.0,9.0,37.5,6.0,25.0,234.0,12.0,0.0,12.0,24.0,281.0,31.0,3,0,0,18,0.0,0.0,0.0,40.0,10.0,33.3
2024-09-14,15:00,Sat,Premier League,Matchweek 4,Home,L,Liverpool,Nott'ham Forest,0,1,0.9,0.4,68,Virgil van Dijk,4-2-3-1,4-2-3-1,14,5,35.7,0.0,0.0,14.9,0.0,0,0,0.9,0.07,-0.9,-0.9,655.0,600.0,55.0,0.0,6.0,19,31.0,7.0,4.0,2.0,0.0,543.0,0.0,11.0,82.9,8838.0,3200.0,0,0.9,1.4,13.0,51.0,9.0,3.0,63.0,27.0,19.0,4.0,1.0,0.0,1.0,0.0,12.0,8,2.0,8.0,2.0,45.5,6.0,5.0,11,23,16.0,0.0,760.0,35.0,31.0,6.0,30.0,13.0,65.0,465.0,27.0,11.0,14.0,9.0,537.0,62.0,4,0,0,15,0.0,0.0,0.0,47.0,21.0,63.6,0,0,0.3,1.6,32,Sam Morsy,4-2-3-1,4-4-2,Match Report,6,1,16.7,0.0,0.0,16.6,0.0,0,0,0.3,0.06,-0.3,-0.3,293.0,249.0,41.0,4.0,1.0,6,15.0,2.0,2.0,0.0,0.0,205.0,3.0,5.0,70.0,3856.0,1842.0,0,0.3,0.4,4.0,10.0,2.0,1.0,15.0,7.0,3.0,1.0,1.0,0.0,0.0,0.0,25.0,14,15.0,10.0,0.0,60.0,10.0,8.0,11,36,34.0,1.0,437.0,99.0,8.0,8.0,38.1,11.0,52.4,197.0,11.0,4.0,20.0,8.0,203.0,15.0,3,0,0,16,0.0,0.0,0.0,40.0,18.0,51.4
2024-09-14,15:00,Sat,Premier League,Matchweek 4,Home,D,Fulham,West Ham,1,1,1.5,0.8,54,Bernd Leno,4-2-3-1,4-2-3-1,21,5,23.8,0.05,0.2,16.4,2.0,0,0,1.5,0.07,-0.5,-0.5,451.0,391.0,57.0,1.0,5.0,22,28.0,3.0,0.0,3.0,0.0,351.0,3.0,9.0,77.8,6501.0,2325.0,1,1.2,1.6,16.0,24.0,13.0,5.0,37.0,35.0,24.0,2.0,0.0,3.0,1.0,2.0,30.0,19,13.0,12.0,5.0,40.0,9.0,11.0,13,43,23.0,0.0,592.0,77.0,29.0,12.0,41.4,9.0,31.0,335.0,22.0,4.0,12.0,9.0,349.0,37.0,2,0,0,15,0.0,0.0,0.0,44.0,20.0,66.7,2,2,1.2,2.5,34,Jamie Vardy,4-2-3-1,3-4-3,Match Report,9,4,44.4,0.22,0.5,19.2,0.0,0,0,1.2,0.14,0.8,0.8,333.0,284.0,49.0,2.0,0.0,8,24.0,2.0,1.0,1.0,0.0,229.0,0.0,10.0,68.8,4085.0,1848.0,2,1.2,1.1,9.0,14.0,6.0,0.0,16.0,16.0,8.0,3.0,3.0,1.0,0.0,3.0,19.0,8,11.0,5.0,3.0,55.6,4.0,16.0,8,27,22.0,0.0,460.0,74.0,14.0,11.0,57.9,6.0,31.6,200.0,9.0,2.0,13.0,18.0,228.0,15.0,3,0,0,15,0.0,1.0,0.0,37.0,12.0,36.4
2024-09-14,15:00,Sat,Premier League,Matchweek 4,Home,W,Manchester City,Brentford,2,1,2.1,1.0,54,Kyle Walker,4-2-3-1,5-3-2,18,7,38.9,0.11,0.29,17.2,0.0,0,0,2.1,0.12,-0.1,-0.1,581.0,540.0,40.0,1.0,2.0,15,19.0,12.0,4.0,0.0,0.0,507.0,1.0,12.0,87.3,8423.0,2436.0,1,2.0,1.5,16.0,35.0,19.0,0.0,55.0,32.0,29.0,2.0,0.0,0.0,0.0,2.0,12.0,5,5.0,3.0,4.0,66.7,3.0,7.0,5,17,13.0,3.0,671.0,47.0,51.0,3.0,21.4,8.0,57.1,341.0,25.0,14.0,16.0,12.0,495.0,54.0,3,0,0,9,0.0,0.0,0.0,38.0,6.0,35.3,2,3,0.9,2.1,28,James Tarkowski,4-2-3-1,4-2-3-1,Match Report,6,2,33.3,0.33,1.0,12.6,0.0,0,0,0.9,0.15,1.1,1.1,272.0,230.0,39.0,2.0,1.0,12,13.0,2.0,0.0,0.0,2.0,203.0,3.0,8.0,74.6,4276.0,2168.0,1,0.8,1.0,4.0,15.0,4.0,2.0,16.0,11.0,6.0,1.0,1.0,2.0,1.0,3.0,24.0,16,13.0,10.0,1.0,57.1,6.0,3.0,6,30,31.0,1.0,380.0,62.0,14.0,7.0,31.8,12.0,54.5,161.0,14.0,7.0,13.0,8.0,201.0,16.0,4,0,0,12,0.0,0.0,0.0,36.0,11.0,57.9
2024-09-14,15:00,Sat,Premier League,Matchweek 4,Home,D,Crystal Palace,Leicester City,2,2,2.5,1.2,66,Marc Guéhi,3-4-3,4-2-3-1,19,3,15.8,0.05,0.33,15.4,1.0,1,1,1.7,0.09,-0.5,-0.7,652.0,606.0,43.0,2.0,5.0,27,17.0,5.0,3.0,0.0,0.0,533.0,3.0,19.0,81.7,9619.0,3471.0,1,1.4,1.5,14.0,46.0,14.0,3.0,66.0,37.0,29.0,2.0,1.0,2.0,0.0,3.0,24.0,15,8.0,11.0,5.0,35.3,11.0,9.0,8,32,13.0,2.0,766.0,56.0,37.0,4.0,40.0,5.0,50.0,503.0,20.0,6.0,12.0,14.0,530.0,65.0,0,0,0,11,1.0,0.0,0.0,44.0,21.0,63.6,1,2,1.0,2.1,46,Christian Nørgaard,5-3-2,4-2-3-1,Match Report,8,5,62.5,0.13,0.2,12.9,0.0,0,0,1.0,0.12,0.0,0.0,492.0,460.0,31.0,4.0,3.0,12,9.0,3.0,3.0,0.0,0.0,414.0,1.0,9.0,84.1,7716.0,2800.0,0,0.6,0.8,6.0,19.0,11.0,3.0,22.0,15.0,12.0,3.0,0.0,0.0,0.0,2.0,20.0,15,13.0,5.0,2.0,72.7,3.0,9.0,9,29,24.0,1.0,605.0,127.0,19.0,3.0,27.3,6.0,54.5,337.0,12.0,2.0,15.0,6.0,411.0,22.0,1,0,0,3,0.0,0.0,0.0,32.0,11.0,64.7
2024-09-14,15:00,Sat,Premier League,Matchweek 4,Home,D,Brighton and Hove Albion,Ipswich Town,0,0,1.6,0.3,68,Lewis Dunk,4-4-2,4-2-3-1,21,6,28.6,0.0,0.0,18.5,2.0,0,0,1.6,0.09,-1.6,-1.6,617.0,570.0,46.0,5.0,1.0,29,14.0,9.0,5.0,1.0,1.0,512.0,1.0,11.0,83.0,8594.0,2953.0,0,0.6,1.0,10.0,44.0,11.0,3.0,58.0,34.0,20.0,1.0,4.0,3.0,1.0,0.0,19.0,11,4.0,10.0,5.0,57.9,8.0,4.0,9,28,8.0,0.0,729.0,51.0,35.0,10.0,33.3,15.0,50.0,382.0,28.0,11.0,13.0,10.0,509.0,58.0,4,0,0,14,0.0,0.0,0.0,50.0,17.0,48.6,1,0,0.8,1.7,66,Moisés Caicedo,4-2-3-1,4-2-3-1,Match Report,10,3,30.0,0.1,0.33,18.2,0.0,0,0,0.8,0.08,0.2,0.2,619.0,559.0,57.0,2.0,1.0,8,23.0,3.0,1.0,1.0,0.0,522.0,3.0,6.0,84.3,8617.0,2851.0,1,0.5,0.6,8.0,32.0,8.0,1.0,40.0,18.0,15.0,0.0,2.0,0.0,0.0,2.0,12.0,7,5.0,7.0,0.0,40.0,9.0,4.0,6,18,17.0,0.0,725.0,78.0,17.0,12.0,54.5,6.0,27.3,401.0,17.0,2.0,19.0,8.0,516.0,39.0,8,0,0,9,0.0,1.0,0.0,46.0,11.0,42.3
2024-09-15,14:00,Sun,Premier League,Matchweek 4,Home,L,Tottenham Hotspur,Arsenal,0,1,0.7,0.7,63,Son Heung-min,4-3-3,4-4-2,15,5,33.3,0.0,0.0,18.1,0.0,0,0,0.7,0.05,-0.7,-0.7,553.0,504.0,47.0,1.0,2.0,31,22.0,7.0,4.0,1.0,0.0,470.0,2.0,11.0,85.0,7679.0,2182.0,0,0.6,0.9,12.0,53.0,11.0,3.0,56.0,29.0,23.0,3.0,2.0,0.0,1.0,0.0,20.0,13,11.0,4.0,5.0,40.0,12.0,10.0,9,29,23.0,0.0,669.0,56.0,28.0,7.0,29.2,13.0,54.2,452.0,32.0,8.0,11.0,8.0,466.0,55.0,5,0,0,13,0.0,0.0,0.0,39.0,14.0,50.0,2,1,1.5,1.2,51,Bruno Guimarães,4-3-3,4-4-1-1,Match Report,14,6,42.9,0.14,0.33,17.9,0.0,0,0,1.5,0.11,0.5,0.5,505.0,452.0,51.0,1.0,3.0,13,16.0,7.0,3.0,1.0,0.0,434.0,2.0,9.0,85.9,7391.0,2621.0,2,1.5,1.2,13.0,44.0,8.0,1.0,47.0,27.0,19.0,1.0,5.0,1.0,0.0,4.0,14.0,9,6.0,7.0,1.0,34.8,15.0,9.0,5,19,25.0,1.0,609.0,62.0,20.0,12.0,54.5,8.0,36.4,398.0,26.0,6.0,6.0,15.0,429.0,47.0,3,0,0,6,0.0,0.0,0.0,33.0,13.0,61.9
2024-09-15,16:30,Sun,Premier League,Matchweek 4,Home,L,Wolverhampton Wanderers,Newcastle Utd,1,2,1.2,1.5,49,Mario Lemina,4-4-1-1,4-3-3,12,5,41.7,0.08,0.2,15.2,0.0,0,0,1.2,0.1,-0.2,-0.2,483.0,436.0,44.0,4.0,4.0,21,21.0,4.0,0.0,3.0,0.0,389.0,3.0,12.0,80.5,7281.0,2506.0,1,0.9,1.0,8.0,32.0,9.0,3.0,31.0,24.0,18.0,0.0,5.0,0.0,1.0,2.0,23.0,14,15.0,5.0,3.0,40.0,12.0,8.0,10,33,20.0,0.0,582.0,74.0,24.0,15.0,65.2,8.0,34.8,341.0,13.0,5.0,10.0,6.0,384.0,31.0,3,0,0,17,0.0,0.0,0.0,36.0,8.0,38.1,1,0,0.7,0.7,37,Jorginho,4-4-2,4-3-3,Match Report,7,4,57.1,0.14,0.25,12.1,0.0,0,0,0.7,0.11,0.3,0.3,320.0,272.0,45.0,1.0,2.0,13,16.0,6.0,4.0,0.0,2.0,235.0,3.0,11.0,73.4,4331.0,1823.0,1,0.7,0.6,6.0,16.0,6.0,2.0,17.0,12.0,9.0,1.0,1.0,0.0,0.0,2.0,21.0,12,14.0,3.0,4.0,65.0,7.0,11.0,9,30,32.0,1.0,439.0,73.0,20.0,12.0,54.5,8.0,36.4,160.0,12.0,7.0,7.0,12.0,233.0,16.0,3,0,0,10,0.0,0.0,0.0,32.0,14.0,50.0
2024-09-21,12:30,Sat,Premier League,Matchweek 5,Home,L,West Ham United,Chelsea,0,3,0.9,2.2,53,Jarrod Bowen,3-4-3,4-2-3-1,15,7,46.7,0.0,0.0,18.0,1.0,0,0,0.9,0.06,-0.9,-0.9,542.0,508.0,32.0,2.0,5.0,29,9.0,6.0,2.0,4.0,0.0,463.0,2.0,7.0,85.4,7723.0,2705.0,0,0.5,0.9,9.0,50.0,10.0,1.0,61.0,27.0,20.0,1.0,2.0,2.0,1.0,0.0,16.0,6,6.0,6.0,4.0,45.5,6.0,6.0,8,24,9.0,0.0,640.0,66.0,34.0,9.0,37.5,11.0,45.8,422.0,30.0,10.0,8.0,8.0,460.0,61.0,5,0,0,17,0.0,0.0,0.0,46.0,9.0,47.4,0,0,1.6,1.0,67,Bruno Fernandes,4-2-3-1,3-4-3,Match Report,15,6,40.0,0.0,0.0,13.9,0.0,0,0,1.6,0.12,-1.6,-1.6,698.0,643.0,55.0,5.0,2.0,23,31.0,11.0,4.0,1.0,2.0,586.0,0.0,11.0,84.0,9740.0,3065.0,0,1.3,1.3,12.0,38.0,10.0,0.0,57.0,27.0,19.0,4.0,1.0,1.0,0.0,0.0,14.0,8,1.0,9.0,4.0,60.0,4.0,6.0,9,23,15.0,0.0,814.0,48.0,31.0,7.0,43.8,8.0,50.0,524.0,18.0,7.0,15.0,14.0,576.0,56.0,2,0,0,12,0.0,0.0,0.0,44.0,18.0,58.1
2024-09-21,15:00,Sat,Premier League,Matchweek 5,Home,W,Fulham,Newcastle Utd,3,1,2.2,1.5,39,Bernd Leno,4-2-3-1,4-3-3,22,11,50.0,0.14,0.27,15.4,0.0,0,0,2.2,0.1,0.8,0.8,379.0,331.0,47.0,3.0,2.0,17,14.0,6.0,1.0,4.0,0.0,305.0,1.0,4.0,80.5,5096.0,1850.0,3,2.0,1.2,17.0,29.0,9.0,3.0,30.0,36.0,24.0,4.0,1.0,1.0,1.0,4.0,19.0,9,9.0,7.0,3.0,41.7,7.0,3.0,6,25,21.0,1.0,484.0,58.0,37.0,4.0,23.5,7.0,41.2,293.0,27.0,10.0,16.0,2.0,300.0,30.0,6,0,0,16,0.0,0.0,0.0,38.0,6.0,28.6,1,3,1.5,2.2,61,Bruno Guimarães,4-3-3,4-2-3-1,Match Report,16,5,31.3,0.06,0.2,16.9,1.0,0,0,1.5,0.1,-0.5,-0.5,605.0,549.0,50.0,6.0,3.0,12,19.0,0.0,0.0,0.0,0.0,537.0,6.0,3.0,88.8,8977.0,3070.0,1,0.9,0.8,12.0,33.0,7.0,3.0,46.0,30.0,22.0,2.0,1.0,3.0,1.0,2.0,9.0,5,6.0,2.0,1.0,63.6,4.0,4.0,10,19,15.0,3.0,702.0,81.0,18.0,7.0,46.7,5.0,33.3,465.0,15.0,6.0,17.0,14.0,531.0,46.0,0,0,0,8,0.0,0.0,0.0,37.0,15.0,71.4
2024-09-21,15:00,Sat,Premier League,Matchweek 5,Home,W,Tottenham Hotspur,Brentford,3,1,3.5,0.8,48,Son Heung-min,4-3-3,5-3-2,23,9,39.1,0.13,0.33,14.4,0.0,0,0,3.5,0.17,-0.5,-0.5,485.0,441.0,43.0,3.0,0.0,23,18.0,9.0,7.0,0.0,0.0,381.0,1.0,18.0,78.6,6354.0,2559.0,2,1.8,1.9,15.0,36.0,16.0,1.0,56.0,38.0,30.0,1.0,3.0,0.0,0.0,5.0,18.0,11,7.0,5.0,6.0,50.0,8.0,7.0,17,35,19.0,1.0,621.0,48.0,56.0,11.0,50.0,11.0,50.0,367.0,34.0,21.0,16.0,16.0,375.0,56.0,3,0,0,11,0.0,0.0,0.0,60.0,13.0,65.0,1,3,0.8,3.5,52,Vitaly Janelt,5-3-2,4-3-3,Match Report,6,6,100.0,0.17,0.17,14.4,0.0,0,0,0.8,0.13,0.2,0.2,523.0,475.0,46.0,1.0,6.0,12,16.0,4.0,3.0,0.0,0.0,411.0,2.0,7.0,78.6,7426.0,2653.0,1,0.8,0.8,6.0,20.0,5.0,1.0,26.0,9.0,8.0,0.0,1.0,0.0,0.0,2.0,27.0,16,17.0,8.0,2.0,50.0,11.0,17.0,11,38,27.0,3.0,654.0,137.0,17.0,8.0,47.1,8.0,47.1,322.0,10.0,1.0,10.0,10.0,407.0,25.0,1,0,0,9,0.0,0.0,0.0,54.0,7.0,35.0
2024-09-21,15:00,Sat,Premier League,Matchweek 5,Home,D,Southampton,Ipswich Town,1,1,2.4,1.6,53,Flynn Downes,4-2-3-1,4-2-3-1,11,3,27.3,0.09,0.33,13.7,0.0,0,0,2.4,0.23,-1.4,-1.4,517.0,476.0,38.0,5.0,1.0,9,10.0,2.0,0.0,2.0,0.0,439.0,3.0,3.0,84.9,7273.0,2115.0,1,2.4,0.8,8.0,25.0,7.0,0.0,25.0,19.0,12.0,0.0,4.0,1.0,0.0,2.0,16.0,7,5.0,10.0,1.0,50.0,8.0,5.0,15,31,34.0,0.0,622.0,68.0,19.0,10.0,62.5,5.0,31.3,310.0,14.0,4.0,3.0,12.0,436.0,24.0,4,0,0,16,0.0,0.0,0.0,33.0,8.0,30.8,0,3,1.1,2.0,42,Lewis Cook,4-2-3-1,4-2-3-1,Match Report,19,6,31.6,0.0,0.0,18.7,1.0,0,0,1.1,0.06,-1.1,-1.1,442.0,396.0,43.0,3.0,1.0,24,19.0,9.0,8.0,0.0,0.0,360.0,3.0,9.0,81.4,6752.0,2440.0,0,0.9,0.7,14.0,28.0,10.0,1.0,42.0,33.0,25.0,2.0,2.0,2.0,0.0,0.0,20.0,11,8.0,7.0,5.0,23.8,16.0,8.0,7,27,16.0,1.0,556.0,75.0,27.0,11.0,47.8,12.0,52.2,254.0,15.0,6.0,12.0,8.0,357.0,41.0,4,0,0,12,0.0,0.0,0.0,48.0,6.0,40.0
2024-09-21,15:00,Sat,Premier League,Matchweek 5,Home,W,Aston Villa,Wolves,3,1,1.7,0.5,53,John McGinn,4-2-3-1,4-1-4-1,9,3,33.3,0.33,1.0,13.7,1.0,0,0,1.7,0.19,1.3,1.3,480.0,439.0,40.0,2.0,2.0,17,11.0,6.0,5.0,0.0,0.0,412.0,1.0,11.0,85.8,6613.0,2226.0,3,1.6,1.7,7.0,39.0,12.0,2.0,54.0,15.0,12.0,2.0,0.0,1.0,0.0,5.0,15.0,10,7.0,6.0,2.0,53.3,7.0,6.0,5,20,15.0,1.0,584.0,40.0,28.0,9.0,37.5,11.0,45.8,374.0,23.0,8.0,14.0,12.0,406.0,53.0,3,0,0,11,0.0,0.0,0.0,36.0,7.0,41.2,1,1,1.6,2.4,47,Sam Morsy,4-2-3-1,4-2-3-1,Match Report,13,6,46.2,0.08,0.17,14.1,0.0,0,0,1.6,0.13,-0.6,-0.6,452.0,405.0,46.0,3.0,1.0,23,14.0,10.0,4.0,4.0,0.0,371.0,1.0,6.0,82.1,6314.0,2508.0,0,1.6,1.1,12.0,30.0,10.0,3.0,41.0,22.0,11.0,5.0,0.0,2.0,2.0,1.0,17.0,8,4.0,11.0,2.0,33.3,10.0,3.0,13,30,15.0,0.0,552.0,41.0,24.0,8.0,47.1,8.0,47.1,305.0,13.0,5.0,14.0,8.0,368.0,40.0,4,0,0,16,0.0,0.0,0.0,37.0,18.0,69.2
2024-09-21,15:00,Sat,Premier League,Matchweek 5,Home,D,Leicester City,Everton,1,1,0.7,1.1,58,Jamie Vardy,4-2-3-1,4-2-3-1,12,2,16.7,0.08,0.5,16.0,0.0,0,0,0.7,0.06,0.3,0.3,522.0,462.0,58.0,1.0,2.0,29,25.0,6.0,4.0,0.0,0.0,426.0,2.0,9.0,81.6,6858.0,2900.0,0,0.4,0.8,9.0,34.0,10.0,6.0,44.0,21.0,17.0,3.0,0.0,1.0,0.0,0.0,24.0,17,12.0,7.0,5.0,65.0,7.0,7.0,4,28,15.0,0.0,636.0,62.0,26.0,8.0,44.4,9.0,50.0,416.0,22.0,3.0,24.0,9.0,421.0,43.0,1,0,0,11,0.0,0.0,0.0,41.0,17.0,58.6,1,1,1.1,0.7,42,James Tarkowski,4-2-3-1,4-2-3-1,Match Report,17,5,29.4,0.06,0.2,17.7,1.0,0,0,1.1,0.06,-0.1,-0.1,380.0,326.0,49.0,3.0,2.0,14,24.0,1.0,1.0,0.0,0.0,295.0,5.0,9.0,77.6,5336.0,2385.0,1,0.8,0.7,13.0,25.0,8.0,2.0,24.0,30.0,23.0,3.0,2.0,1.0,0.0,2.0,18.0,13,14.0,3.0,1.0,52.9,8.0,6.0,9,27,33.0,0.0,511.0,68.0,23.0,7.0,31.8,13.0,59.1,247.0,15.0,5.0,13.0,11.0,293.0,24.0,2,0,0,12,0.0,0.0,0.0,47.0,12.0,41.4
2024-09-21,17:30,Sat,Premier League,Matchweek 5,Home,D,Crystal Palace,Manchester Utd,0,0,1.0,1.6,33,Marc Guéhi,3-4-3,4-2-3-1,9,4,44.4,0.0,0.0,14.6,0.0,0,0,1.0,0.12,-1.0,-1.0,342.0,304.0,37.0,1.0,0.0,14,9.0,4.0,0.0,3.0,0.0,239.0,1.0,6.0,69.9,4339.0,1936.0,0,0.8,0.4,8.0,13.0,6.0,3.0,17.0,17.0,10.0,2.0,2.0,1.0,0.0,0.0,22.0,10,13.0,9.0,0.0,53.3,7.0,10.0,13,35,31.0,1.0,479.0,94.0,15.0,4.0,30.8,6.0,46.2,196.0,10.0,2.0,8.0,8.0,236.0,17.0,3,0,0,7,0.0,0.0,0.0,47.0,13.0,41.9,1,3,0.5,1.7,47,Mario Lemina,4-1-4-1,4-2-3-1,Match Report,10,4,40.0,0.1,0.25,14.9,0.0,0,0,0.5,0.05,0.5,0.5,432.0,388.0,39.0,0.0,2.0,11,12.0,5.0,3.0,1.0,0.0,364.0,5.0,5.0,84.3,6273.0,1902.0,0,0.4,0.5,7.0,15.0,4.0,2.0,16.0,16.0,8.0,3.0,3.0,0.0,0.0,0.0,23.0,9,12.0,10.0,1.0,55.0,9.0,9.0,10,33,21.0,0.0,532.0,68.0,17.0,7.0,43.8,8.0,50.0,288.0,15.0,4.0,9.0,7.0,359.0,15.0,6,0,0,16,0.0,0.0,0.0,32.0,10.0,58.8
2024-09-21,15:00,Sat,Premier League,Matchweek 5,Home,W,Liverpool,Bournemouth,3,0,2.0,1.1,58,Virgil van Dijk,4-2-3-1,4-2-3-1,19,12,63.2,0.16,0.25,16.6,0.0,0,0,2.0,0.11,1.0,1.0,619.0,574.0,45.0,1.0,2.0,8,19.0,3.0,2.0,1.0,0.0,546.0,0.0,9.0,88.2,8589.0,3369.0,3,1.9,1.0,18.0,40.0,12.0,1.0,39.0,38.0,30.0,1.0,6.0,1.0,0.0,6.0,20.0,14,10.0,9.0,1.0,52.2,11.0,6.0,6,26,24.0,1.0,737.0,94.0,28.0,16.0,76.2,5.0,23.8,526.0,30.0,11.0,13.0,15.0,542.0,39.0,1,0,0,10,0.0,0.0,0.0,44.0,9.0,60.0,3,0,2.2,0.9,47,Enzo Fernández,4-2-3-1,3-4-3,Match Report,12,5,41.7,0.25,0.6,15.0,0.0,0,0,2.2,0.18,0.8,0.8,479.0,439.0,39.0,6.0,1.0,8,8.0,5.0,3.0,0.0,0.0,410.0,1.0,6.0,85.6,7176.0,2725.0,3,2.2,1.3,12.0,24.0,4.0,1.0,22.0,22.0,22.0,0.0,0.0,0.0,0.0,6.0,19.0,9,14.0,5.0,0.0,55.0,9.0,4.0,8,27,35.0,1.0,598.0,107.0,31.0,6.0,31.6,5.0,26.3,376.0,24.0,14.0,9.0,11.0,409.0,22.0,2,0,0,9,0.0,0.0,0.0,37.0,10.0,52.6
2024-09-22,14:00,Sun,Premier League,Matchweek 5,Home,D,Brighton and Hove Albion,Nott'ham Forest,2,2,1.0,1.4,70,Lewis Dunk,4-2-3-1,4-2-3-1,14,3,21.4,0.14,0.67,17.4,1.0,0,0,1.0,0.07,1.0,1.0,619.0,567.0,52.0,1.0,4.0,43,25.0,9.0,4.0,5.0,0.0,510.0,0.0,8.0,82.4,8335.0,2829.0,1,0.7,0.9,12.0,51.0,8.0,1.0,75.0,25.0,19.0,3.0,2.0,1.0,0.0,4.0,12.0,5,4.0,3.0,5.0,27.3,8.0,13.0,7,19,8.0,0.0,709.0,36.0,30.0,10.0,50.0,7.0,35.0,441.0,35.0,6.0,16.0,11.0,501.0,75.0,3,0,0,12,0.0,1.0,0.0,30.0,18.0,66.7,2,2,1.4,1.0,30,Morgan Gibbs-White,4-2-3-1,4-2-3-1,Match Report,3,2,66.7,0.33,0.5,17.4,0.0,1,1,0.6,0.21,0.6,0.4,270.0,223.0,43.0,1.0,3.0,4,16.0,1.0,1.0,0.0,0.0,182.0,4.0,12.0,67.4,3374.0,1371.0,1,0.6,0.4,3.0,11.0,1.0,0.0,13.0,7.0,5.0,0.0,1.0,1.0,0.0,3.0,18.0,8,14.0,2.0,2.0,41.2,10.0,5.0,8,26,51.0,0.0,399.0,87.0,11.0,8.0,57.1,3.0,21.4,121.0,8.0,3.0,12.0,9.0,182.0,13.0,6,1,1,11,1.0,0.0,0.0,29.0,9.0,33.3
2024-09-22,16:30,Sun,Premier League,Matchweek 5,Home,D,Manchester City,Arsenal,2,2,2.1,0.7,77,Kyle Walker,4-3-3,4-4-2,33,11,33.3,0.06,0.18,20.2,1.0,0,0,2.1,0.07,-0.1,-0.1,749.0,705.0,44.0,3.0,2.0,24,20.0,8.0,3.0,0.0,0.0,669.0,0.0,12.0,89.3,9984.0,2410.0,1,1.7,2.9,27.0,44.0,16.0,6.0,54.0,64.0,55.0,1.0,3.0,1.0,1.0,3.0,10.0,5,2.0,5.0,3.0,50.0,4.0,2.0,3,13,9.0,1.0,847.0,34.0,53.0,10.0,47.6,9.0,42.9,601.0,59.0,17.0,10.0,7.0,658.0,54.0,3,0,0,7,0.0,0.0,0.0,39.0,16.0,59.3,2,2,0.7,2.1,23,Bukayo Saka,4-4-2,4-3-3,Match Report,5,3,60.0,0.4,0.67,11.3,0.0,0,0,0.7,0.13,1.3,1.3,221.0,191.0,29.0,0.0,2.0,7,5.0,2.0,2.0,0.0,0.0,154.0,1.0,2.0,69.7,2884.0,1326.0,2,0.6,0.5,4.0,9.0,1.0,1.0,11.0,7.0,4.0,3.0,0.0,0.0,0.0,4.0,16.0,10,11.0,4.0,1.0,47.4,10.0,8.0,4,20,41.0,1.0,332.0,94.0,8.0,4.0,36.4,4.0,36.4,146.0,11.0,2.0,12.0,6.0,154.0,11.0,6,1,1,10,0.0,0.0,0.0,25.0,11.0,40.7
2024-09-28,15:00,Sat,Premier League,Matchweek 6,Home,W,Arsenal,Leicester City,4,2,4.4,0.3,74,Bukayo Saka,4-4-2,4-2-3-1,35,16,45.7,0.09,0.19,14.1,0.0,0,0,4.4,0.14,-1.4,-1.4,723.0,674.0,49.0,0.0,3.0,38,19.0,17.0,17.0,0.0,0.0,620.0,0.0,12.0,85.8,10367.0,2747.0,2,2.3,2.5,25.0,45.0,23.0,3.0,91.0,58.0,44.0,3.0,2.0,1.0,2.0,5.0,19.0,12,2.0,11.0,6.0,73.3,4.0,5.0,4,23,8.0,0.0,837.0,24.0,70.0,18.0,54.5,10.0,30.3,485.0,39.0,15.0,15.0,14.0,617.0,89.0,2,0,0,11,0.0,0.0,0.0,42.0,18.0,54.5,2,4,1.1,4.2,59,Lewis Dunk,4-3-3,4-2-3-1,Match Report,15,5,33.3,0.13,0.4,20.1,2.0,0,0,1.1,0.07,0.9,0.9,593.0,541.0,50.0,1.0,1.0,16,21.0,2.0,1.0,1.0,0.0,501.0,2.0,13.0,84.5,8352.0,3141.0,1,0.5,0.6,8.0,47.0,11.0,3.0,54.0,24.0,17.0,1.0,1.0,3.0,2.0,1.0,16.0,8,4.0,7.0,5.0,44.4,15.0,10.0,12,28,12.0,4.0,724.0,67.0,26.0,11.0,39.3,14.0,50.0,455.0,16.0,5.0,20.0,8.0,494.0,53.0,2,0,0,8,0.0,1.0,0.0,53.0,11.0,64.7
2024-09-28,15:00,Sat,Premier League,Matchweek 6,Home,L,Nottingham Forest,Fulham,0,1,0.8,1.3,41,Ryan Yates,4-4-2,4-2-3-1,11,1,9.1,0.0,0.0,19.3,0.0,0,0,0.8,0.07,-0.8,-0.8,398.0,350.0,41.0,1.0,1.0,26,13.0,6.0,4.0,2.0,0.0,291.0,7.0,8.0,73.1,4468.0,1529.0,0,0.6,1.0,5.0,23.0,7.0,1.0,26.0,18.0,13.0,3.0,1.0,1.0,0.0,0.0,8.0,3,5.0,1.0,2.0,35.7,9.0,6.0,9,17,21.0,0.0,494.0,53.0,29.0,4.0,66.7,1.0,16.7,275.0,26.0,6.0,16.0,6.0,288.0,26.0,2,0,0,11,0.0,1.0,0.0,34.0,18.0,72.0,1,1,0.9,1.6,62,Kyle Walker,4-2-3-1,4-3-3,Match Report,16,6,37.5,0.06,0.17,17.6,0.0,0,0,0.9,0.06,0.1,0.1,598.0,556.0,42.0,5.0,3.0,19,14.0,6.0,2.0,3.0,0.0,511.0,0.0,8.0,85.5,7944.0,2334.0,1,0.8,1.4,13.0,31.0,12.0,0.0,40.0,31.0,27.0,1.0,2.0,1.0,0.0,2.0,15.0,11,2.0,12.0,1.0,20.0,8.0,5.0,7,22,21.0,0.0,705.0,70.0,38.0,13.0,54.2,7.0,29.2,493.0,31.0,12.0,15.0,8.0,506.0,40.0,4,0,0,10,0.0,1.0,0.0,45.0,6.0,31.6
2024-09-28,12:30,Sat,Premier League,Matchweek 6,Home,D,Newcastle United,Manchester City,1,1,1.6,0.9,38,Bruno Guimarães,4-3-3,4-2-3-1,10,3,30.0,0.0,0.0,15.1,0.0,1,1,0.8,0.08,-0.6,-0.8,368.0,329.0,38.0,3.0,2.0,16,14.0,5.0,5.0,0.0,0.0,285.0,1.0,5.0,77.4,5019.0,2088.0,0,0.8,0.7,9.0,26.0,10.0,3.0,30.0,21.0,16.0,2.0,0.0,1.0,0.0,2.0,15.0,7,10.0,4.0,1.0,35.0,13.0,6.0,10,25,23.0,1.0,463.0,77.0,24.0,8.0,66.7,2.0,16.7,271.0,14.0,7.0,9.0,13.0,284.0,30.0,4,0,0,14,1.0,0.0,0.0,45.0,13.0,68.4,1,1,1.0,0.4,43,Jarrod Bowen,4-1-4-1,4-4-2,Match Report,19,3,15.8,0.05,0.33,18.7,0.0,0,0,1.0,0.05,0.0,0.0,439.0,402.0,35.0,3.0,4.0,16,18.0,6.0,1.0,4.0,0.0,338.0,2.0,7.0,77.0,6033.0,2355.0,1,0.9,0.9,14.0,32.0,11.0,2.0,39.0,32.0,23.0,2.0,2.0,0.0,1.0,1.0,17.0,7,10.0,5.0,2.0,69.2,4.0,10.0,10,27,38.0,1.0,578.0,74.0,35.0,10.0,55.6,8.0,44.4,281.0,18.0,11.0,15.0,17.0,335.0,39.0,3,0,0,11,0.0,0.0,0.0,50.0,17.0,51.5
2024-09-28,15:00,Sat,Premier League,Matchweek 6,Home,W,Chelsea,Brighton,4,2,4.2,1.1,41,Enzo Fernández,4-2-3-1,4-3-3,14,5,35.7,0.21,0.6,15.7,1.0,1,1,3.4,0.24,-0.2,-0.4,414.0,370.0,38.0,6.0,2.0,11,11.0,8.0,7.0,0.0,0.0,312.0,6.0,10.0,75.4,5492.0,2165.0,2,3.3,1.7,12.0,16.0,7.0,0.0,20.0,24.0,19.0,0.0,3.0,2.0,0.0,6.0,22.0,13,15.0,6.0,1.0,56.0,11.0,10.0,7,29,20.0,2.0,536.0,95.0,24.0,15.0,55.6,12.0,44.4,260.0,14.0,9.0,11.0,4.0,310.0,20.0,3,0,0,11,1.0,0.0,0.0,53.0,6.0,35.3,1,0,1.3,0.8,59,Bernd Leno,4-2-3-1,4-4-2,Match Report,13,1,7.7,0.0,0.0,20.2,0.0,1,1,0.5,0.04,-0.3,-0.5,563.0,524.0,38.0,1.0,2.0,23,10.0,5.0,0.0,4.0,0.0,473.0,1.0,5.0,84.0,8292.0,2514.0,0,0.3,0.4,7.0,43.0,7.0,0.0,47.0,24.0,17.0,2.0,1.0,1.0,0.0,2.0,7.0,2,5.0,1.0,1.0,20.0,4.0,3.0,9,16,44.0,1.0,677.0,63.0,23.0,9.0,56.3,5.0,31.3,439.0,29.0,7.0,14.0,3.0,470.0,47.0,4,0,0,15,1.0,0.0,0.0,29.0,7.0,28.0
2024-09-28,15:00,Sat,Premier League,Matchweek 6,Home,W,Everton,Crystal Palace,2,1,0.9,0.9,41,James Tarkowski,4-2-3-1,3-4-3,8,2,25.0,0.25,1.0,15.3,0.0,0,0,0.9,0.11,1.1,1.1,399.0,350.0,47.0,1.0,0.0,23,22.0,5.0,5.0,0.0,0.0,287.0,2.0,8.0,71.9,5420.0,2543.0,1,0.8,0.9,7.0,23.0,8.0,1.0,37.0,15.0,8.0,3.0,0.0,2.0,2.0,4.0,14.0,5,3.0,11.0,0.0,28.6,5.0,4.0,16,30,24.0,0.0,509.0,65.0,16.0,8.0,47.1,9.0,52.9,248.0,7.0,0.0,11.0,16.0,286.0,37.0,2,0,0,13,0.0,0.0,0.0,45.0,28.0,58.3,2,1,2.5,0.6,55,Virgil van Dijk,4-2-3-1,4-1-4-1,Match Report,9,5,55.6,0.11,0.2,18.0,1.0,1,1,1.7,0.19,-0.5,-0.7,574.0,526.0,46.0,0.0,3.0,21,14.0,10.0,5.0,3.0,0.0,476.0,2.0,6.0,82.9,8170.0,2729.0,1,1.1,1.2,7.0,30.0,10.0,3.0,42.0,16.0,12.0,1.0,0.0,2.0,0.0,4.0,10.0,9,3.0,5.0,2.0,36.4,7.0,9.0,7,17,12.0,1.0,655.0,57.0,35.0,4.0,33.3,7.0,58.3,317.0,20.0,10.0,9.0,7.0,470.0,42.0,3,0,0,8,1.0,0.0,0.0,45.0,10.0,50.0
2024-09-28,17:30,Sat,Premier League,Matchweek 6,Home,L,Wolverhampton Wanderers,Liverpool,1,2,0.6,2.5,45,Mario Lemina,4-1-4-1,4-2-3-1,8,3,37.5,0.13,0.33,22.9,0.0,0,0,0.6,0.08,0.4,0.4,465.0,428.0,36.0,1.0,1.0,15,15.0,2.0,1.0,0.0,0.0,382.0,1.0,11.0,82.2,6620.0,2110.0,0,0.2,0.3,6.0,17.0,3.0,2.0,35.0,13.0,12.0,1.0,0.0,0.0,0.0,1.0,14.0,11,9.0,3.0,2.0,63.6,4.0,6.0,9,23,23.0,1.0,561.0,87.0,18.0,7.0,58.3,4.0,33.3,294.0,21.0,8.0,19.0,6.0,381.0,35.0,2,0,0,16,0.0,1.0,0.0,38.0,10.0,50.0,2,4,0.3,4.4,26,Jamie Vardy,4-2-3-1,4-4-2,Match Report,5,3,60.0,0.4,0.67,14.5,0.0,0,0,0.3,0.06,1.7,1.7,257.0,214.0,42.0,0.0,0.0,4,16.0,0.0,0.0,0.0,0.0,192.0,1.0,4.0,74.7,3330.0,1635.0,2,0.3,0.2,5.0,8.0,5.0,1.0,13.0,9.0,7.0,1.0,0.0,1.0,0.0,4.0,24.0,14,19.0,4.0,1.0,35.7,18.0,9.0,6,30,63.0,2.0,419.0,131.0,11.0,4.0,23.5,11.0,64.7,172.0,4.0,1.0,12.0,8.0,192.0,13.0,4,0,0,6,0.0,0.0,1.0,23.0,15.0,45.5
2024-09-28,15:00,Sat,Premier League,Matchweek 6,Home,D,Brentford,West Ham,1,1,0.4,1.0,57,Vitaly Janelt,4-4-2,4-1-4-1,8,3,37.5,0.13,0.33,20.7,1.0,0,0,0.4,0.05,0.6,0.6,578.0,525.0,52.0,0.0,2.0,28,18.0,7.0,3.0,1.0,0.0,448.0,1.0,11.0,77.5,7843.0,2607.0,1,0.2,0.8,4.0,43.0,9.0,3.0,37.0,15.0,13.0,0.0,0.0,2.0,0.0,2.0,25.0,15,10.0,5.0,10.0,44.4,10.0,7.0,10,35,19.0,0.0,700.0,89.0,22.0,4.0,25.0,9.0,56.3,402.0,18.0,3.0,17.0,8.0,440.0,36.0,2,0,0,2,0.0,0.0,0.0,39.0,16.0,48.5,1,2,0.9,0.9,59,Marc Guéhi,3-4-3,4-2-3-1,Match Report,17,4,23.5,0.06,0.25,17.3,1.0,0,0,0.9,0.06,0.1,0.1,581.0,531.0,50.0,0.0,2.0,20,21.0,8.0,6.0,0.0,0.0,458.0,0.0,6.0,78.8,8574.0,3063.0,1,0.8,0.8,12.0,35.0,10.0,1.0,51.0,29.0,20.0,3.0,0.0,2.0,0.0,2.0,25.0,17,16.0,9.0,0.0,52.9,8.0,7.0,8,33,25.0,0.0,684.0,59.0,28.0,5.0,71.4,2.0,28.6,383.0,17.0,4.0,14.0,12.0,455.0,51.0,0,0,0,11,0.0,0.0,0.0,51.0,20.0,41.7
2024-09-29,14:00,Sun,Premier League,Matchweek 6,Home,D,Ipswich Town,Aston Villa,2,2,1.2,0.8,44,Sam Morsy,4-2-3-1,4-2-3-1,15,5,33.3,0.13,0.4,18.4,0.0,0,0,1.2,0.08,0.8,0.8,441.0,394.0,45.0,1.0,1.0,17,12.0,10.0,9.0,0.0,0.0,361.0,2.0,9.0,81.9,6330.0,2347.0,2,1.1,0.8,13.0,31.0,8.0,2.0,32.0,30.0,23.0,2.0,3.0,2.0,0.0,4.0,18.0,9,11.0,5.0,2.0,50.0,5.0,5.0,7,25,17.0,1.0,527.0,46.0,21.0,10.0,62.5,5.0,31.3,312.0,16.0,6.0,12.0,10.0,356.0,30.0,4,0,0,10,0.0,0.0,0.0,44.0,8.0,53.3,3,0,4.4,1.0,61,Cristian Romero,4-3-3,4-2-3-1,Match Report,24,10,41.7,0.13,0.3,14.6,0.0,0,0,4.4,0.2,-1.4,-1.4,675.0,627.0,47.0,2.0,2.0,15,16.0,3.0,3.0,0.0,0.0,591.0,1.0,7.0,87.6,9890.0,3227.0,2,3.9,1.5,19.0,33.0,15.0,2.0,54.0,41.0,31.0,2.0,0.0,1.0,1.0,5.0,7.0,6,5.0,2.0,0.0,75.0,2.0,15.0,11,18,16.0,0.0,781.0,75.0,41.0,6.0,31.6,12.0,63.2,546.0,31.0,8.0,12.0,15.0,581.0,53.0,3,0,0,14,0.0,0.0,0.0,46.0,8.0,57.1
2024-09-29,16:30,Sun,Premier League,Matchweek 6,Home,L,Manchester United,Tottenham,0,3,1.0,4.4,39,Bruno Fernandes,4-2-3-1,4-3-3,11,2,18.2,0.0,0.0,15.1,0.0,0,0,1.0,0.09,-1.0,-1.0,436.0,391.0,43.0,4.0,3.0,21,9.0,5.0,5.0,0.0,0.0,336.0,2.0,16.0,77.1,5950.0,2476.0,0,0.8,0.5,9.0,30.0,5.0,2.0,32.0,20.0,18.0,2.0,0.0,0.0,0.0,0.0,27.0,15,17.0,7.0,3.0,66.7,6.0,8.0,17,44,16.0,0.0,554.0,85.0,24.0,2.0,22.2,6.0,66.7,308.0,7.0,6.0,14.0,1.0,333.0,31.0,5,1,0,16,0.0,0.0,0.0,43.0,6.0,42.9,2,2,0.8,1.2,56,Emiliano Martínez,4-2-3-1,4-2-3-1,Match Report,7,3,42.9,0.29,0.67,19.0,1.0,0,0,0.8,0.12,1.2,1.2,561.0,524.0,36.0,4.0,0.0,4,12.0,0.0,0.0,0.0,0.0,493.0,1.0,7.0,87.9,8284.0,2553.0,2,0.7,1.0,6.0,58.0,4.0,1.0,33.0,14.0,13.0,0.0,0.0,1.0,0.0,4.0,15.0,9,7.0,6.0,2.0,33.3,10.0,7.0,5,20,18.0,0.0,652.0,57.0,17.0,5.0,38.5,5.0,38.5,478.0,18.0,5.0,14.0,13.0,486.0,33.0,1,0,0,14,0.0,0.0,0.0,33.0,7.0,46.7
2024-09-30,20:00,Mon,Premier League,Matchweek 6,Home,W,Bournemouth,Southampton,3,1,1.3,0.6,40,Adam Smith,4-2-3-1,4-2-3-1,14,6,42.9,0.21,0.5,18.8,0.0,0,0,1.3,0.1,1.7,1.7,420.0,376.0,43.0,2.0,2.0,19,19.0,6.0,4.0,1.0,0.0,321.0,1.0,7.0,76.4,6009.0,2080.0,3,1.3,0.7,11.0,31.0,6.0,1.0,36.0,25.0,20.0,1.0,1.0,1.0,1.0,5.0,20.0,8,6.0,11.0,3.0,53.3,7.0,12.0,11,31,18.0,0.0,534.0,41.0,25.0,8.0,47.1,5.0,29.4,306.0,16.0,5.0,11.0,15.0,314.0,36.0,2,0,0,19,0.0,0.0,0.0,57.0,9.0,36.0,1,3,0.6,1.3,60,Flynn Downes,4-2-3-1,4-2-3-1,Match Report,9,3,33.3,0.11,0.33,18.4,0.0,0,0,0.6,0.07,0.4,0.4,620.0,562.0,57.0,0.0,2.0,14,23.0,4.0,3.0,1.0,0.0,530.0,1.0,13.0,85.5,8719.0,3105.0,0,0.4,0.6,7.0,27.0,6.0,1.0,34.0,16.0,12.0,1.0,1.0,1.0,0.0,2.0,20.0,12,10.0,10.0,0.0,38.5,8.0,7.0,8,28,21.0,1.0,743.0,85.0,16.0,7.0,43.8,8.0,50.0,418.0,12.0,4.0,18.0,12.0,525.0,33.0,5,0,0,12,0.0,0.0,0.0,38.0,16.0,64.0
2024-10-05,17:30,Sat,Premier League,Matchweek 7,Home,D,Everton,Newcastle Utd,0,0,0.7,2.1,33,James Tarkowski,4-2-3-1,4-3-3,8,2,25.0,0.0,0.0,24.3,1.0,0,0,0.7,0.09,-0.7,-0.7,340.0,304.0,34.0,1.0,3.0,9,14.0,0.0,0.0,0.0,0.0,246.0,2.0,15.0,72.4,4629.0,1800.0,0,0.3,0.2,6.0,24.0,3.0,0.0,25.0,15.0,12.0,0.0,1.0,1.0,0.0,0.0,19.0,11,7.0,10.0,2.0,60.0,6.0,6.0,10,29,30.0,0.0,469.0,74.0,13.0,13.0,54.2,9.0,37.5,232.0,10.0,2.0,10.0,16.0,244.0,25.0,1,0,0,12,0.0,1.0,0.0,54.0,13.0,54.2,1,0,1.4,0.6,68,Virgil van Dijk,4-2-3-1,3-4-3,Match Report,16,4,25.0,0.06,0.25,18.9,0.0,0,0,1.4,0.09,-0.4,-0.4,691.0,645.0,46.0,3.0,6.0,16,22.0,8.0,7.0,0.0,0.0,584.0,0.0,12.0,84.5,10190.0,3431.0,1,1.4,1.5,16.0,46.0,8.0,0.0,54.0,31.0,28.0,2.0,0.0,1.0,0.0,2.0,13.0,6,5.0,7.0,1.0,63.6,4.0,4.0,13,26,15.0,0.0,778.0,69.0,26.0,8.0,88.9,0.0,0.0,448.0,20.0,10.0,16.0,8.0,578.0,54.0,2,0,0,15,0.0,0.0,0.0,43.0,27.0,79.4
2024-10-05,15:00,Sat,Premier League,Matchweek 7,Home,W,Manchester City,Fulham,3,2,1.6,2.6,58,Rúben Dias,4-1-4-1,5-4-1,20,7,35.0,0.15,0.43,17.6,1.0,0,0,1.6,0.08,1.4,1.4,663.0,629.0,34.0,3.0,1.0,16,10.0,8.0,6.0,0.0,0.0,592.0,0.0,13.0,89.3,9069.0,2539.0,2,1.3,1.3,14.0,42.0,10.0,2.0,58.0,32.0,19.0,2.0,5.0,2.0,1.0,5.0,10.0,7,4.0,3.0,3.0,54.5,5.0,7.0,4,14,20.0,1.0,770.0,41.0,39.0,11.0,39.3,13.0,46.4,506.0,31.0,9.0,11.0,10.0,585.0,56.0,2,0,0,4,0.0,0.0,0.0,39.0,7.0,58.3,1,3,0.6,2.8,41,Flynn Downes,5-4-1,4-4-2,Match Report,8,2,25.0,0.13,0.5,16.4,0.0,0,0,0.6,0.08,0.4,0.4,411.0,371.0,40.0,1.0,3.0,7,7.0,1.0,1.0,0.0,0.0,345.0,0.0,3.0,83.9,5834.0,1921.0,1,0.4,0.2,5.0,21.0,3.0,0.0,14.0,15.0,10.0,1.0,1.0,0.0,1.0,2.0,15.0,10,8.0,7.0,0.0,26.3,14.0,10.0,9,24,33.0,3.0,530.0,136.0,8.0,6.0,42.9,7.0,50.0,281.0,15.0,2.0,14.0,9.0,343.0,14.0,3,0,0,9,0.0,0.0,0.0,26.0,14.0,60.9
2024-10-05,15:00,Sat,Premier League,Matchweek 7,Home,W,West Ham United,Ipswich Town,4,1,3.6,0.6,52,Jarrod Bowen,4-1-4-1,4-2-3-1,23,12,52.2,0.17,0.33,16.4,1.0,0,0,3.6,0.17,0.4,0.4,528.0,492.0,33.0,2.0,6.0,11,13.0,5.0,3.0,2.0,0.0,452.0,3.0,3.0,85.6,8209.0,2825.0,1,2.1,1.7,15.0,32.0,7.0,2.0,36.0,36.0,27.0,1.0,1.0,1.0,2.0,5.0,19.0,11,12.0,6.0,1.0,35.3,11.0,11.0,8,27,17.0,0.0,643.0,71.0,27.0,8.0,47.1,8.0,47.1,364.0,19.0,10.0,17.0,7.0,451.0,36.0,0,0,0,12,0.0,0.0,0.0,49.0,10.0,38.5,0,1,2.1,0.8,55,Adam Smith,4-2-3-1,4-2-3-1,Match Report,19,2,10.5,0.0,0.0,14.3,0.0,0,0,2.1,0.11,-2.1,-2.1,494.0,444.0,49.0,1.0,2.0,30,17.0,9.0,9.0,0.0,0.0,385.0,1.0,15.0,77.9,6838.0,2666.0,0,1.9,1.6,17.0,38.0,9.0,3.0,61.0,35.0,26.0,4.0,0.0,1.0,0.0,0.0,22.0,14,9.0,6.0,7.0,64.7,6.0,9.0,6,28,20.0,0.0,607.0,48.0,33.0,9.0,52.9,4.0,23.5,365.0,20.0,4.0,17.0,10.0,382.0,59.0,1,0,0,14,0.0,0.0,0.0,49.0,16.0,43.2
2024-10-05,15:00,Sat,Premier League,Matchweek 7,Home,W,Leicester City,Bournemouth,1,0,0.8,2.1,45,Jamie Vardy,4-2-3-1,4-2-3-1,6,2,33.3,0.17,0.5,18.8,0.0,0,0,0.8,0.13,0.2,0.2,404.0,346.0,56.0,4.0,0.0,6,26.0,0.0,0.0,0.0,0.0,306.0,2.0,9.0,75.7,5608.0,2666.0,1,0.8,0.4,5.0,19.0,3.0,1.0,20.0,12.0,10.0,0.0,2.0,0.0,0.0,2.0,14.0,10,8.0,5.0,1.0,30.8,9.0,11.0,7,21,40.0,0.0,537.0,92.0,11.0,6.0,30.0,11.0,55.0,279.0,19.0,4.0,19.0,11.0,302.0,20.0,4,0,0,12,0.0,0.0,0.0,46.0,21.0,56.8,1,4,0.6,3.6,48,Sam Morsy,4-2-3-1,4-1-4-1,Match Report,9,2,22.2,0.11,0.5,17.2,0.0,0,0,0.6,0.07,0.4,0.4,479.0,424.0,54.0,1.0,4.0,15,24.0,5.0,3.0,0.0,1.0,393.0,1.0,11.0,82.0,6555.0,2371.0,0,0.6,0.6,8.0,35.0,6.0,1.0,35.0,16.0,12.0,2.0,1.0,1.0,0.0,0.0,15.0,11,4.0,9.0,2.0,50.0,8.0,3.0,6,21,14.0,2.0,568.0,65.0,14.0,11.0,61.1,6.0,33.3,400.0,21.0,1.0,20.0,13.0,391.0,35.0,1,0,0,6,0.0,0.0,0.0,32.0,16.0,61.5
2024-10-05,15:00,Sat,Premier League,Matchweek 7,Home,W,Brentford,Wolves,5,3,4.2,1.0,44,Christian Nørgaard,4-2-3-1,4-1-4-1,18,11,61.1,0.22,0.36,13.0,1.0,1,1,3.4,0.19,0.8,0.6,410.0,363.0,42.0,2.0,0.0,27,11.0,10.0,10.0,0.0,0.0,308.0,5.0,5.0,75.1,6102.0,2632.0,3,2.4,1.9,14.0,26.0,9.0,4.0,35.0,33.0,19.0,7.0,1.0,2.0,0.0,9.0,16.0,8,6.0,7.0,3.0,81.8,2.0,9.0,6,22,31.0,0.0,538.0,83.0,42.0,5.0,31.3,8.0,50.0,247.0,17.0,9.0,15.0,9.0,306.0,35.0,2,0,0,9,1.0,0.0,0.0,47.0,22.0,52.4,3,5,1.0,4.2,56,Mario Lemina,4-1-4-1,4-2-3-1,Match Report,17,6,35.3,0.18,0.5,20.9,0.0,0,0,1.0,0.06,2.0,2.0,514.0,468.0,45.0,0.0,4.0,20,12.0,3.0,0.0,3.0,0.0,394.0,1.0,8.0,76.7,6763.0,2220.0,3,1.0,0.9,14.0,35.0,12.0,4.0,40.0,31.0,26.0,1.0,1.0,1.0,2.0,6.0,17.0,15,8.0,5.0,4.0,61.5,5.0,4.0,5,22,24.0,1.0,626.0,90.0,31.0,2.0,14.3,9.0,64.3,331.0,13.0,6.0,11.0,7.0,389.0,39.0,3,0,0,10,0.0,1.0,0.0,42.0,20.0,47.6
2024-10-05,15:00,Sat,Premier League,Matchweek 7,Home,W,Arsenal,Southampton,3,1,2.8,0.6,59,Jorginho,4-4-2,5-4-1,29,6,20.7,0.1,0.5,14.6,0.0,0,0,2.8,0.1,0.2,0.2,590.0,546.0,43.0,1.0,1.0,32,18.0,13.0,12.0,0.0,0.0,505.0,1.0,11.0,85.6,8651.0,2466.0,2,2.3,1.8,22.0,47.0,15.0,2.0,54.0,52.0,40.0,5.0,2.0,1.0,1.0,3.0,16.0,12,2.0,7.0,7.0,53.8,6.0,4.0,9,25,10.0,0.0,677.0,27.0,57.0,14.0,70.0,5.0,25.0,389.0,29.0,17.0,7.0,10.0,504.0,54.0,0,0,0,10,0.0,0.0,0.0,46.0,9.0,39.1,2,3,2.6,1.6,42,Bernd Leno,5-4-1,4-1-4-1,Match Report,11,4,36.4,0.18,0.5,14.0,0.0,0,0,2.6,0.24,-0.6,-0.6,486.0,452.0,31.0,1.0,5.0,15,12.0,3.0,1.0,2.0,0.0,410.0,3.0,8.0,84.4,6845.0,2176.0,2,2.6,2.1,11.0,41.0,6.0,2.0,34.0,21.0,17.0,1.0,0.0,0.0,1.0,4.0,23.0,9,14.0,7.0,2.0,54.2,11.0,13.0,7,30,22.0,1.0,598.0,76.0,24.0,5.0,41.7,6.0,50.0,401.0,19.0,6.0,11.0,4.0,410.0,34.0,1,0,0,10,0.0,0.0,0.0,32.0,5.0,41.7
2024-10-05,12:30,Sat,Premier League,Matchweek 7,Home,L,Crystal Palace,Liverpool,0,1,0.6,1.4,32,Marc Guéhi,3-4-3,4-2-3-1,9,5,55.6,0.0,0.0,21.9,0.0,0,0,0.6,0.07,-0.6,-0.6,325.0,284.0,40.0,2.0,0.0,9,10.0,3.0,0.0,2.0,0.0,221.0,1.0,5.0,68.0,4020.0,1680.0,0,0.6,0.5,6.0,17.0,3.0,1.0,24.0,14.0,12.0,1.0,0.0,1.0,0.0,0.0,8.0,6,6.0,1.0,1.0,0.0,8.0,10.0,5,13,27.0,0.0,423.0,76.0,7.0,4.0,36.4,7.0,63.6,195.0,7.0,2.0,11.0,6.0,219.0,24.0,4,0,0,7,0.0,0.0,0.0,49.0,7.0,20.6,0,0,2.1,0.7,67,Bruno Guimarães,4-3-3,4-2-3-1,Match Report,13,1,7.7,0.0,0.0,13.8,0.0,0,1,1.3,0.1,-2.1,-1.3,703.0,653.0,47.0,2.0,3.0,22,16.0,10.0,9.0,0.0,0.0,594.0,3.0,8.0,84.5,9922.0,3240.0,0,1.1,1.0,9.0,34.0,8.0,2.0,54.0,26.0,20.0,4.0,0.0,2.0,0.0,0.0,25.0,13,12.0,9.0,4.0,40.9,13.0,13.0,8,33,8.0,0.0,816.0,54.0,40.0,6.0,30.0,9.0,45.0,525.0,28.0,11.0,12.0,10.0,590.0,54.0,2,0,0,8,1.0,0.0,0.0,53.0,11.0,45.8
2024-10-06,14:00,Sun,Premier League,Matchweek 7,Home,D,Chelsea,Nott'ham Forest,1,1,2.3,0.9,65,Enzo Fernández,4-2-3-1,4-2-3-1,22,8,36.4,0.05,0.13,17.2,0.0,0,0,2.3,0.11,-1.3,-1.3,641.0,598.0,42.0,3.0,4.0,29,12.0,11.0,6.0,0.0,0.0,543.0,1.0,13.0,84.7,9300.0,3012.0,1,2.3,1.7,17.0,55.0,18.0,4.0,69.0,41.0,33.0,2.0,4.0,0.0,0.0,2.0,14.0,10,4.0,6.0,4.0,43.8,9.0,8.0,8,22,18.0,1.0,741.0,48.0,46.0,11.0,68.8,4.0,25.0,351.0,39.0,11.0,10.0,8.0,539.0,69.0,6,0,0,12,0.0,0.0,0.0,39.0,13.0,46.4,1,1,0.9,2.3,35,Ryan Yates,4-2-3-1,4-2-3-1,Match Report,16,9,56.3,0.06,0.11,20.2,2.0,0,0,0.9,0.05,0.1,0.1,339.0,292.0,44.0,4.0,1.0,11,14.0,3.0,1.0,1.0,0.0,249.0,3.0,9.0,73.5,3992.0,1708.0,1,0.5,0.4,9.0,20.0,6.0,3.0,20.0,26.0,18.0,2.0,1.0,1.0,1.0,2.0,12.0,6,6.0,4.0,2.0,26.7,11.0,13.0,6,18,33.0,1.0,459.0,86.0,20.0,9.0,47.4,7.0,36.8,196.0,14.0,3.0,14.0,7.0,246.0,20.0,4,1,1,11,0.0,0.0,0.0,35.0,15.0,53.6
2024-10-06,14:00,Sun,Premier League,Matchweek 7,Home,D,Aston Villa,Manchester Utd,0,0,0.5,0.6,53,Emiliano Martínez,4-2-3-1,4-2-3-1,11,1,9.1,0.0,0.0,20.3,1.0,0,0,0.5,0.05,-0.5,-0.5,454.0,416.0,38.0,1.0,3.0,20,15.0,6.0,3.0,0.0,0.0,359.0,0.0,10.0,79.1,6144.0,2102.0,0,0.4,0.6,8.0,30.0,8.0,1.0,38.0,22.0,18.0,2.0,0.0,2.0,0.0,0.0,12.0,10,6.0,6.0,0.0,66.7,4.0,2.0,6,18,14.0,0.0,541.0,58.0,24.0,7.0,38.9,9.0,50.0,363.0,21.0,5.0,12.0,12.0,349.0,38.0,1,0,0,12,0.0,0.0,0.0,39.0,8.0,36.4,2,3,1.3,1.8,59,Cristian Romero,4-3-3,4-2-3-1,Match Report,13,3,23.1,0.15,0.67,16.2,0.0,0,0,1.3,0.1,0.7,0.7,571.0,519.0,50.0,2.0,1.0,19,17.0,7.0,2.0,1.0,0.0,485.0,2.0,14.0,84.9,8382.0,2841.0,2,1.0,0.8,8.0,41.0,11.0,1.0,51.0,20.0,18.0,0.0,0.0,1.0,0.0,4.0,20.0,12,8.0,9.0,3.0,65.0,7.0,8.0,7,27,14.0,1.0,676.0,82.0,31.0,14.0,58.3,9.0,37.5,452.0,25.0,8.0,15.0,3.0,480.0,51.0,2,0,0,10,0.0,0.0,0.0,37.0,8.0,53.3
2024-10-06,16:30,Sun,Premier League,Matchweek 7,Home,W,Brighton and Hove Albion,Tottenham,3,2,1.8,1.3,41,Lewis Dunk,4-2-3-1,4-3-3,11,4,36.4,0.27,0.75,14.8,0.0,0,0,1.8,0.16,1.2,1.2,397.0,355.0,40.0,1.0,2.0,15,12.0,4.0,3.0,0.0,0.0,319.0,2.0,10.0,80.4,5407.0,2071.0,1,0.9,0.5,8.0,18.0,10.0,4.0,38.0,21.0,16.0,2.0,3.0,0.0,0.0,6.0,12.0,7,5.0,5.0,2.0,39.1,14.0,12.0,11,23,20.0,2.0,517.0,91.0,25.0,7.0,29.2,13.0,54.2,287.0,18.0,8.0,10.0,7.0,317.0,38.0,2,0,0,14,0.0,0.0,0.0,42.0,7.0,46.7,0,0,0.6,0.5,47,Bruno Fernandes,4-2-3-1,4-2-3-1,Match Report,10,4,40.0,0.0,0.0,21.5,1.0,0,0,0.6,0.06,-0.6,-0.6,396.0,355.0,40.0,2.0,3.0,9,14.0,3.0,0.0,3.0,0.0,320.0,1.0,2.0,80.8,5203.0,1953.0,0,0.2,0.4,6.0,26.0,3.0,1.0,24.0,15.0,8.0,1.0,2.0,1.0,1.0,0.0,21.0,12,13.0,4.0,4.0,56.3,7.0,9.0,12,33,24.0,0.0,508.0,67.0,9.0,4.0,33.3,8.0,66.7,255.0,11.0,4.0,15.0,4.0,316.0,24.0,5,0,0,11,0.0,0.0,0.0,37.0,14.0,63.6
2024-10-19,12:30,Sat,Premier League,Matchweek 8,Home,W,Tottenham Hotspur,West Ham,4,1,1.9,0.8,57,Son Heung-min,4-3-3,4-1-4-1,22,7,31.8,0.14,0.43,15.8,0.0,0,0,1.9,0.09,1.1,1.1,527.0,469.0,56.0,1.0,0.0,28,18.0,13.0,5.0,3.0,0.0,443.0,2.0,7.0,84.1,7522.0,2425.0,3,1.7,1.6,19.0,48.0,14.0,2.0,62.0,37.0,33.0,2.0,1.0,1.0,0.0,5.0,25.0,16,10.0,10.0,5.0,50.0,15.0,5.0,5,30,16.0,0.0,650.0,52.0,41.0,7.0,26.9,18.0,69.2,433.0,22.0,5.0,12.0,15.0,438.0,62.0,1,0,0,10,0.0,0.0,0.0,49.0,9.0,56.3,0,2,0.7,1.8,51,Gabriel Magalhães,4-2-3-1,4-2-3-1,Match Report,6,1,16.7,0.0,0.0,15.1,0.0,0,0,0.7,0.12,-0.7,-0.7,470.0,430.0,39.0,1.0,3.0,15,12.0,4.0,1.0,3.0,0.0,361.0,1.0,13.0,76.8,6147.0,2354.0,0,0.4,0.4,3.0,25.0,2.0,1.0,25.0,9.0,5.0,2.0,1.0,0.0,0.0,0.0,17.0,10,11.0,4.0,2.0,39.3,17.0,8.0,6,23,29.0,3.0,587.0,84.0,21.0,7.0,41.2,6.0,35.3,309.0,16.0,7.0,19.0,10.0,357.0,25.0,1,1,0,11,0.0,1.0,0.0,42.0,17.0,58.6
2024-10-19,15:00,Sat,Premier League,Matchweek 8,Home,L,Ipswich Town,Everton,0,2,1.3,1.7,55,Sam Morsy,4-2-3-1,4-2-3-1,13,2,15.4,0.0,0.0,16.6,2.0,0,0,1.3,0.1,-1.3,-1.3,539.0,500.0,38.0,2.0,3.0,27,18.0,5.0,4.0,1.0,0.0,449.0,1.0,7.0,83.3,7678.0,2548.0,0,1.1,0.8,11.0,31.0,8.0,3.0,48.0,25.0,18.0,2.0,2.0,3.0,0.0,0.0,13.0,9,9.0,3.0,1.0,40.0,9.0,12.0,9,22,17.0,3.0,647.0,56.0,22.0,7.0,36.8,11.0,57.9,359.0,12.0,5.0,12.0,7.0,446.0,48.0,1,0,0,12,0.0,0.0,0.0,40.0,12.0,52.2,3,2,3.1,2.1,58,Jamie Vardy,4-2-3-1,4-5-1,Match Report,17,3,17.6,0.12,0.67,16.5,0.0,1,1,2.4,0.14,-0.1,-0.4,546.0,501.0,43.0,2.0,2.0,27,17.0,6.0,3.0,1.0,0.0,452.0,2.0,11.0,82.8,7867.0,2763.0,2,2.4,1.5,17.0,51.0,15.0,2.0,55.0,35.0,22.0,5.0,3.0,3.0,0.0,5.0,30.0,17,11.0,12.0,7.0,66.7,6.0,4.0,5,35,23.0,0.0,669.0,58.0,38.0,7.0,35.0,13.0,65.0,338.0,22.0,7.0,6.0,8.0,447.0,55.0,3,0,0,10,1.0,0.0,0.0,37.0,7.0,36.8
2024-10-19,15:00,Sat,Premier League,Matchweek 8,Home,L,Southampton,Leicester City,2,3,2.1,3.1,42,Flynn Downes,4-5-1,4-2-3-1,14,7,50.0,0.14,0.29,9.6,0.0,0,0,2.1,0.15,-0.1,-0.1,398.0,344.0,53.0,1.0,2.0,19,16.0,10.0,9.0,1.0,0.0,317.0,1.0,6.0,79.6,5616.0,2230.0,1,1.6,1.3,12.0,22.0,5.0,1.0,30.0,24.0,15.0,5.0,1.0,0.0,0.0,4.0,21.0,16,14.0,6.0,1.0,65.0,7.0,7.0,9,30,34.0,0.0,530.0,72.0,27.0,6.0,31.6,12.0,63.2,235.0,13.0,7.0,16.0,18.0,315.0,30.0,5,1,0,10,0.0,1.0,0.0,27.0,12.0,63.2,2,0,1.7,1.3,45,James Tarkowski,4-2-3-1,4-2-3-1,Match Report,11,8,72.7,0.18,0.25,16.4,1.0,0,0,1.7,0.16,0.3,0.3,435.0,391.0,44.0,1.0,6.0,13,15.0,7.0,3.0,2.0,0.0,336.0,0.0,12.0,77.2,6189.0,2173.0,1,0.8,0.7,7.0,23.0,10.0,1.0,32.0,21.0,15.0,3.0,2.0,1.0,0.0,4.0,18.0,12,10.0,7.0,1.0,61.1,7.0,4.0,6,24,33.0,0.0,538.0,76.0,24.0,9.0,60.0,6.0,40.0,298.0,23.0,8.0,12.0,7.0,334.0,32.0,1,0,0,10,0.0,0.0,0.0,39.0,11.0,47.8
2024-10-19,15:00,Sat,Premier League,Matchweek 8,Home,W,Manchester United,Brentford,2,1,1.3,0.9,50,Bruno Fernandes,4-2-3-1,4-2-3-1,23,11,47.8,0.09,0.18,18.7,0.0,0,0,1.3,0.06,0.7,0.7,530.0,485.0,44.0,1.0,6.0,19,18.0,9.0,4.0,4.0,0.0,435.0,1.0,8.0,82.1,7200.0,2753.0,2,1.3,1.0,20.0,41.0,11.0,3.0,46.0,42.0,35.0,3.0,2.0,0.0,1.0,4.0,25.0,16,13.0,6.0,6.0,50.0,12.0,4.0,8,33,25.0,0.0,640.0,48.0,33.0,5.0,41.7,7.0,58.3,351.0,25.0,11.0,14.0,8.0,429.0,45.0,2,0,0,4,0.0,0.0,0.0,46.0,22.0,55.0,1,2,0.9,1.3,50,Christian Nørgaard,4-2-3-1,4-2-3-1,Match Report,8,2,25.0,0.13,0.5,17.9,1.0,0,0,0.9,0.11,0.1,0.1,522.0,486.0,33.0,2.0,4.0,13,16.0,2.0,2.0,0.0,0.0,435.0,3.0,5.0,83.3,7301.0,2487.0,1,0.7,0.7,6.0,35.0,4.0,2.0,32.0,15.0,11.0,1.0,2.0,1.0,0.0,2.0,15.0,11,6.0,7.0,2.0,58.3,5.0,8.0,10,25,30.0,0.0,652.0,94.0,15.0,12.0,50.0,12.0,50.0,442.0,17.0,2.0,19.0,13.0,426.0,31.0,2,0,0,5,0.0,0.0,0.0,52.0,18.0,45.0
2024-10-19,15:00,Sat,Premier League,Matchweek 8,Home,L,Fulham,Aston Villa,1,3,1.8,1.6,52,Bernd Leno,4-2-3-1,4-2-3-1,9,3,33.3,0.11,0.33,12.3,0.0,0,1,1.0,0.11,-0.8,0.0,483.0,437.0,44.0,0.0,1.0,30,14.0,6.0,4.0,1.0,0.0,398.0,2.0,12.0,82.4,7526.0,2569.0,1,1.0,1.3,8.0,34.0,9.0,5.0,37.0,19.0,15.0,3.0,0.0,0.0,0.0,2.0,18.0,11,9.0,7.0,2.0,42.9,8.0,4.0,14,32,21.0,1.0,590.0,72.0,24.0,3.0,25.0,3.0,25.0,366.0,20.0,4.0,9.0,8.0,394.0,37.0,3,1,0,8,0.0,0.0,1.0,40.0,14.0,73.7,1,0,1.1,2.0,40,Lewis Dunk,4-4-2,4-3-3,Match Report,10,5,50.0,0.1,0.2,16.0,0.0,0,0,1.1,0.11,-0.1,-0.1,399.0,358.0,41.0,6.0,1.0,8,14.0,4.0,0.0,4.0,0.0,313.0,0.0,9.0,78.4,5312.0,2303.0,1,0.7,0.5,6.0,18.0,5.0,0.0,19.0,19.0,14.0,2.0,0.0,1.0,1.0,2.0,26.0,15,14.0,9.0,3.0,44.4,10.0,8.0,9,35,38.0,0.0,559.0,99.0,12.0,3.0,15.8,14.0,73.7,267.0,8.0,2.0,14.0,12.0,309.0,18.0,2,0,0,9,0.0,0.0,0.0,47.0,16.0,61.5
2024-10-19,17:30,Sat,Premier League,Matchweek 8,Home,W,Bournemouth,Arsenal,2,0,1.8,0.7,49,Lewis Cook,4-2-3-1,4-2-3-1,12,3,25.0,0.08,0.33,18.9,0.0,1,1,1.0,0.09,0.2,0.0,453.0,409.0,43.0,2.0,2.0,25,18.0,7.0,5.0,0.0,0.0,346.0,1.0,11.0,76.4,6346.0,2212.0,1,0.7,0.5,10.0,30.0,6.0,1.0,37.0,25.0,17.0,2.0,2.0,1.0,1.0,3.0,16.0,11,6.0,7.0,3.0,46.2,7.0,12.0,6,22,21.0,1.0,564.0,51.0,27.0,17.0,54.8,11.0,35.5,324.0,28.0,7.0,14.0,6.0,343.0,37.0,1,0,0,12,1.0,0.0,0.0,41.0,12.0,41.4,1,4,0.8,1.9,43,Jarrod Bowen,4-1-4-1,4-3-3,Match Report,11,3,27.3,0.09,0.33,16.9,0.0,0,0,0.8,0.07,0.2,0.2,400.0,349.0,50.0,0.0,1.0,12,17.0,5.0,3.0,2.0,0.0,317.0,1.0,7.0,79.3,6046.0,2202.0,0,0.7,0.9,8.0,23.0,6.0,2.0,29.0,20.0,15.0,0.0,3.0,0.0,0.0,2.0,33.0,25,19.0,9.0,5.0,72.0,7.0,4.0,11,44,28.0,1.0,530.0,80.0,20.0,15.0,45.5,15.0,45.5,247.0,16.0,3.0,13.0,10.0,315.0,29.0,3,1,0,15,0.0,0.0,1.0,34.0,7.0,43.8
2024-10-19,15:00,Sat,Premier League,Matchweek 8,Home,L,Newcastle United,Brighton,0,1,2.0,1.1,60,Bruno Guimarães,4-3-3,4-4-2,21,6,28.6,0.0,0.0,17.3,2.0,0,0,2.0,0.1,-2.0,-2.0,599.0,551.0,45.0,4.0,1.0,23,20.0,9.0,6.0,0.0,1.0,479.0,3.0,10.0,80.0,8081.0,2728.0,0,1.8,1.3,16.0,44.0,11.0,0.0,57.0,38.0,25.0,4.0,2.0,3.0,1.0,0.0,26.0,19,4.0,15.0,7.0,82.4,3.0,9.0,13,39,7.0,1.0,719.0,43.0,42.0,10.0,47.6,8.0,38.1,461.0,25.0,10.0,13.0,18.0,478.0,57.0,2,0,0,11,0.0,0.0,0.0,51.0,10.0,38.5,3,1,1.6,1.8,48,Emiliano Martínez,4-2-3-1,4-2-3-1,Match Report,14,5,35.7,0.14,0.4,15.1,1.0,0,0,1.6,0.12,0.4,0.4,444.0,399.0,43.0,5.0,1.0,19,13.0,11.0,11.0,0.0,0.0,374.0,2.0,5.0,84.2,6197.0,2243.0,2,1.4,0.9,11.0,31.0,11.0,0.0,41.0,27.0,16.0,3.0,3.0,2.0,0.0,4.0,11.0,5,7.0,4.0,0.0,50.0,3.0,8.0,14,25,23.0,0.0,549.0,58.0,23.0,8.0,47.1,6.0,35.3,281.0,20.0,4.0,15.0,12.0,367.0,40.0,5,1,1,11,0.0,1.0,0.0,33.0,5.0,26.3
2024-10-20,16:30,Sun,Premier League,Matchweek 8,Home,W,Liverpool,Chelsea,2,1,1.9,1.0,43,Virgil van Dijk,4-2-3-1,4-2-3-1,8,4,50.0,0.13,0.25,22.7,1.0,1,1,1.1,0.14,0.1,-0.1,439.0,394.0,40.0,2.0,3.0,4,17.0,1.0,1.0,0.0,0.0,345.0,5.0,8.0,78.6,5920.0,2024.0,1,1.0,0.3,6.0,22.0,3.0,1.0,29.0,17.0,14.0,0.0,0.0,2.0,0.0,4.0,25.0,18,12.0,10.0,3.0,63.0,10.0,7.0,6,31,18.0,0.0,525.0,81.0,15.0,5.0,50.0,4.0,40.0,284.0,10.0,4.0,9.0,8.0,339.0,28.0,4,0,0,12,1.0,0.0,0.0,40.0,6.0,37.5,2,1,1.6,0.8,77,Rúben Dias,4-1-4-1,3-5-2,Match Report,22,7,31.8,0.09,0.29,18.3,2.0,0,0,1.6,0.07,0.4,0.4,795.0,742.0,52.0,1.0,0.0,40,20.0,18.0,10.0,3.0,0.0,686.0,1.0,23.0,86.3,10077.0,2543.0,2,1.5,2.5,19.0,57.0,26.0,1.0,100.0,42.0,27.0,6.0,3.0,2.0,0.0,4.0,14.0,10,2.0,6.0,6.0,50.0,4.0,6.0,3,17,5.0,0.0,890.0,14.0,80.0,10.0,33.3,12.0,40.0,601.0,65.0,23.0,10.0,14.0,681.0,100.0,1,0,0,5,0.0,0.0,0.0,43.0,13.0,48.1
2024-10-20,14:00,Sun,Premier League,Matchweek 8,Home,L,Wolverhampton Wanderers,Manchester City,1,2,0.8,1.6,23,Mario Lemina,3-5-2,4-1-4-1,3,2,66.7,0.33,0.5,17.6,0.0,0,0,0.8,0.26,0.2,0.2,237.0,205.0,30.0,1.0,3.0,4,11.0,1.0,0.0,0.0,1.0,158.0,2.0,6.0,66.7,3118.0,1313.0,1,0.8,0.3,3.0,8.0,2.0,1.0,8.0,6.0,6.0,0.0,0.0,0.0,0.0,2.0,26.0,13,22.0,3.0,1.0,54.5,10.0,17.0,6,32,50.0,0.0,374.0,112.0,4.0,4.0,44.4,4.0,44.4,161.0,7.0,3.0,7.0,10.0,157.0,8.0,4,0,0,8,0.0,0.0,0.0,31.0,14.0,51.9,1,2,1.0,1.9,57,Reece James,4-2-3-1,4-2-3-1,Match Report,12,2,16.7,0.08,0.5,16.1,1.0,0,0,1.0,0.08,0.0,0.0,579.0,537.0,42.0,2.0,5.0,17,14.0,5.0,2.0,0.0,0.0,499.0,0.0,7.0,86.2,8701.0,2866.0,1,0.7,0.9,8.0,39.0,10.0,3.0,43.0,19.0,15.0,1.0,0.0,2.0,0.0,2.0,12.0,10,5.0,7.0,0.0,44.4,5.0,7.0,8,20,12.0,0.0,673.0,58.0,24.0,10.0,34.5,17.0,58.6,402.0,24.0,8.0,12.0,8.0,495.0,40.0,3,0,0,13,0.0,1.0,0.0,39.0,10.0,62.5
2024-10-21,20:00,Mon,Premier League,Matchweek 8,Home,W,Nottingham Forest,Crystal Palace,1,0,1.7,1.0,51,Ryan Yates,4-2-3-1,3-1-4-2,20,6,30.0,0.05,0.17,18.0,0.0,0,0,1.7,0.09,-0.7,-0.7,493.0,440.0,51.0,1.0,3.0,23,21.0,6.0,4.0,2.0,0.0,391.0,2.0,14.0,79.3,6668.0,2549.0,0,1.5,1.2,15.0,32.0,6.0,2.0,38.0,36.0,24.0,3.0,3.0,0.0,1.0,2.0,9.0,5,2.0,6.0,1.0,33.3,6.0,11.0,14,23,18.0,0.0,625.0,58.0,30.0,16.0,59.3,8.0,29.6,290.0,25.0,6.0,18.0,15.0,385.0,36.0,2,0,0,9,0.0,0.0,0.0,39.0,18.0,56.3,0,1,1.0,1.7,49,Marc Guéhi,3-1-4-2,4-2-3-1,Match Report,20,7,35.0,0.0,0.0,21.1,0.0,0,0,1.0,0.05,-1.0,-1.0,482.0,440.0,40.0,1.0,5.0,16,15.0,6.0,2.0,0.0,0.0,375.0,2.0,12.0,77.8,6744.0,2269.0,0,0.8,0.4,16.0,33.0,8.0,3.0,42.0,30.0,22.0,2.0,3.0,1.0,1.0,0.0,23.0,14,11.0,8.0,4.0,33.3,16.0,13.0,5,28,25.0,1.0,609.0,57.0,22.0,6.0,66.7,3.0,33.3,279.0,18.0,4.0,13.0,6.0,370.0,41.0,3,0,0,12,0.0,0.0,0.0,45.0,14.0,43.8
2024-10-25,20:00,Fri,Premier League,Matchweek 9,Home,L,Leicester City,Nott'ham Forest,1,3,0.8,1.7,65,Jamie Vardy,4-2-3-1,4-2-3-1,11,1,9.1,0.09,1.0,21.5,0.0,0,0,0.8,0.07,0.2,0.2,615.0,564.0,51.0,2.0,3.0,26,23.0,6.0,4.0,1.0,0.0,518.0,0.0,8.0,84.2,8199.0,2974.0,1,0.7,1.0,10.0,57.0,10.0,2.0,55.0,18.0,16.0,1.0,1.0,0.0,0.0,2.0,14.0,10,8.0,4.0,2.0,25.0,15.0,9.0,6,20,26.0,1.0,740.0,69.0,24.0,6.0,30.0,11.0,55.0,511.0,35.0,6.0,16.0,8.0,509.0,55.0,5,0,0,16,0.0,0.0,0.0,45.0,24.0,61.5,3,1,1.7,0.8,35,Ryan Yates,4-2-3-1,4-2-3-1,Match Report,20,5,25.0,0.15,0.6,21.6,1.0,0,0,1.7,0.09,1.3,1.3,338.0,293.0,44.0,0.0,1.0,21,10.0,7.0,3.0,4.0,0.0,240.0,1.0,10.0,71.0,4348.0,2030.0,1,0.8,0.4,10.0,24.0,5.0,1.0,31.0,29.0,18.0,1.0,3.0,2.0,1.0,4.0,19.0,11,11.0,5.0,3.0,64.7,6.0,7.0,10,29,28.0,1.0,464.0,58.0,29.0,15.0,62.5,5.0,20.8,200.0,19.0,11.0,12.0,9.0,238.0,31.0,3,0,0,9,0.0,0.0,0.0,46.0,15.0,38.5
2024-10-26,15:00,Sat,Premier League,Matchweek 9,Home,D,Aston Villa,Bournemouth,1,1,1.8,0.3,57,John McGinn,4-4-1-1,4-2-3-1,18,8,44.4,0.06,0.13,15.1,0.0,0,0,1.8,0.1,-0.8,-0.8,475.0,422.0,53.0,2.0,1.0,21,14.0,9.0,7.0,0.0,0.0,383.0,0.0,9.0,80.6,6914.0,2859.0,1,1.3,1.7,13.0,29.0,11.0,2.0,37.0,33.0,22.0,5.0,1.0,1.0,1.0,2.0,11.0,5,3.0,4.0,4.0,54.5,5.0,4.0,11,22,17.0,0.0,562.0,68.0,33.0,6.0,46.2,5.0,38.5,361.0,18.0,6.0,6.0,12.0,370.0,37.0,7,0,0,12,0.0,0.0,0.0,37.0,13.0,46.4,3,4,1.3,4.1,35,Conor Chaplin,4-2-3-1,4-2-3-1,Match Report,11,5,45.5,0.27,0.6,17.4,0.0,0,0,1.3,0.12,1.7,1.7,328.0,288.0,39.0,2.0,0.0,19,11.0,5.0,4.0,0.0,0.0,220.0,1.0,9.0,67.1,4290.0,1739.0,3,0.8,0.6,8.0,27.0,7.0,2.0,23.0,16.0,15.0,1.0,0.0,0.0,0.0,5.0,13.0,9,6.0,5.0,2.0,64.3,5.0,7.0,12,25,36.0,0.0,456.0,84.0,20.0,3.0,50.0,3.0,50.0,191.0,12.0,4.0,19.0,5.0,217.0,23.0,3,1,1,10,0.0,1.0,1.0,40.0,14.0,35.9
2024-10-26,15:00,Sat,Premier League,Matchweek 9,Home,W,Brentford,Ipswich Town,4,3,4.1,1.3,65,Christian Nørgaard,4-2-3-1,4-2-3-1,19,8,42.1,0.11,0.25,16.0,1.0,1,1,3.3,0.17,-1.1,-1.3,612.0,560.0,50.0,1.0,1.0,26,25.0,4.0,4.0,0.0,0.0,499.0,2.0,8.0,81.5,9470.0,3164.0,2,3.2,1.9,17.0,35.0,10.0,4.0,64.0,38.0,32.0,4.0,0.0,2.0,0.0,6.0,8.0,6,3.0,3.0,2.0,50.0,3.0,7.0,4,12,33.0,2.0,718.0,86.0,30.0,5.0,31.3,9.0,56.3,428.0,19.0,7.0,11.0,4.0,492.0,64.0,0,0,0,7,1.0,0.0,0.0,38.0,25.0,64.1,1,1,1.2,0.8,60,Bernd Leno,4-2-3-1,4-2-3-1,Match Report,14,3,21.4,0.07,0.33,18.2,0.0,0,0,1.2,0.09,-0.2,-0.2,638.0,594.0,42.0,1.0,4.0,17,24.0,2.0,1.0,0.0,0.0,539.0,2.0,10.0,84.5,10009.0,3551.0,1,1.2,0.8,12.0,47.0,15.0,6.0,44.0,23.0,21.0,0.0,1.0,0.0,0.0,2.0,16.0,11,8.0,5.0,3.0,46.2,7.0,9.0,4,20,23.0,0.0,742.0,51.0,22.0,7.0,41.2,9.0,52.9,478.0,13.0,3.0,12.0,10.0,531.0,43.0,0,0,0,8,0.0,0.0,0.0,44.0,8.0,30.8
2024-10-26,15:00,Sat,Premier League,Matchweek 9,Home,W,Manchester City,Southampton,1,0,2.9,0.2,57,Rúben Dias,4-1-4-1,5-4-1,22,7,31.8,0.05,0.14,16.6,0.0,0,0,2.9,0.13,-1.9,-1.9,660.0,620.0,39.0,2.0,2.0,29,12.0,12.0,11.0,0.0,0.0,595.0,1.0,8.0,90.2,9155.0,2147.0,1,2.8,2.7,19.0,48.0,22.0,3.0,65.0,40.0,33.0,4.0,1.0,1.0,0.0,2.0,12.0,7,2.0,6.0,4.0,60.0,6.0,5.0,10,22,14.0,0.0,735.0,30.0,52.0,9.0,75.0,2.0,16.7,526.0,38.0,16.0,3.0,12.0,592.0,63.0,1,0,0,9,0.0,0.0,0.0,32.0,6.0,42.9,1,1,0.3,1.8,43,Lewis Cook,4-2-3-1,4-4-1-1,Match Report,10,3,30.0,0.1,0.33,21.6,0.0,0,0,0.3,0.03,0.7,0.7,365.0,322.0,38.0,0.0,3.0,20,7.0,7.0,5.0,1.0,0.0,288.0,5.0,6.0,78.9,5430.0,2337.0,1,0.3,0.4,8.0,25.0,7.0,2.0,34.0,20.0,18.0,1.0,0.0,1.0,0.0,2.0,17.0,10,4.0,12.0,1.0,45.5,6.0,8.0,11,28,20.0,0.0,484.0,59.0,17.0,5.0,38.5,6.0,46.2,280.0,18.0,5.0,19.0,5.0,287.0,34.0,6,0,0,14,0.0,0.0,0.0,41.0,15.0,53.6
2024-10-26,17:30,Sat,Premier League,Matchweek 9,Home,D,Everton,Fulham,1,1,0.8,1.2,40,James Tarkowski,4-2-3-1,4-2-3-1,10,5,50.0,0.1,0.2,14.3,0.0,0,0,0.8,0.08,0.2,0.2,429.0,379.0,46.0,0.0,1.0,17,19.0,4.0,2.0,1.0,0.0,331.0,4.0,10.0,77.2,6032.0,2561.0,1,0.8,1.2,10.0,29.0,11.0,4.0,33.0,20.0,19.0,1.0,0.0,0.0,0.0,2.0,19.0,12,13.0,4.0,2.0,56.3,7.0,9.0,8,27,27.0,2.0,530.0,69.0,17.0,7.0,53.8,6.0,46.2,253.0,8.0,1.0,15.0,10.0,328.0,33.0,1,0,0,8,0.0,0.0,0.0,40.0,18.0,69.2,0,1,0.2,2.9,43,Jack Stephens,5-4-1,4-1-4-1,Match Report,5,2,40.0,0.0,0.0,13.8,0.0,0,0,0.2,0.04,-0.2,-0.2,503.0,469.0,32.0,1.0,2.0,2,11.0,1.0,1.0,0.0,0.0,454.0,2.0,5.0,90.3,7201.0,2391.0,0,0.2,0.3,5.0,9.0,4.0,0.0,21.0,10.0,8.0,1.0,0.0,1.0,0.0,0.0,14.0,9,10.0,3.0,1.0,18.2,9.0,8.0,6,20,30.0,1.0,600.0,140.0,14.0,6.0,35.3,9.0,52.9,406.0,15.0,5.0,8.0,3.0,450.0,21.0,3,0,0,9,0.0,0.0,0.0,18.0,8.0,57.1
2024-10-26,15:00,Sat,Premier League,Matchweek 9,Home,D,Brighton and Hove Albion,Wolves,2,2,1.3,1.3,51,Danny Welbeck,4-4-2,3-4-3,19,6,31.6,0.11,0.33,17.5,1.0,0,0,1.3,0.07,0.7,0.7,500.0,456.0,42.0,3.0,2.0,26,14.0,9.0,7.0,0.0,0.0,417.0,2.0,10.0,83.4,7676.0,2516.0,2,1.0,0.9,12.0,23.0,14.0,3.0,50.0,27.0,18.0,3.0,2.0,2.0,0.0,3.0,17.0,10,6.0,8.0,3.0,42.9,12.0,10.0,9,26,22.0,1.0,637.0,82.0,32.0,11.0,45.8,12.0,50.0,366.0,21.0,8.0,20.0,12.0,411.0,49.0,3,0,0,12,0.0,0.0,0.0,55.0,11.0,42.3,2,2,1.3,1.3,49,Mario Lemina,3-4-3,4-4-2,Match Report,14,7,50.0,0.14,0.29,11.9,0.0,0,0,1.3,0.1,0.7,0.7,480.0,432.0,47.0,0.0,1.0,19,15.0,6.0,5.0,1.0,0.0,388.0,1.0,12.0,80.8,7060.0,2362.0,1,1.3,0.8,12.0,25.0,4.0,1.0,32.0,26.0,13.0,7.0,2.0,2.0,0.0,3.0,24.0,12,14.0,6.0,4.0,52.2,11.0,10.0,9,33,30.0,3.0,601.0,84.0,28.0,12.0,50.0,9.0,37.5,333.0,16.0,8.0,12.0,8.0,386.0,32.0,3,0,0,10,0.0,0.0,0.0,46.0,15.0,57.7
2024-10-27,14:00,Sun,Premier League,Matchweek 9,Home,W,Chelsea,Newcastle Utd,2,1,1.6,1.8,50,Reece James,4-2-3-1,4-3-3,17,7,41.2,0.12,0.29,16.7,0.0,0,0,1.6,0.09,0.4,0.4,495.0,447.0,46.0,3.0,5.0,20,12.0,7.0,7.0,0.0,0.0,404.0,2.0,7.0,81.6,7079.0,2102.0,2,1.5,0.9,14.0,42.0,5.0,3.0,33.0,29.0,20.0,1.0,5.0,0.0,2.0,4.0,12.0,8,4.0,6.0,2.0,40.0,6.0,11.0,16,28,25.0,0.0,618.0,60.0,30.0,7.0,41.2,7.0,41.2,399.0,22.0,10.0,11.0,6.0,399.0,32.0,6,0,0,13,0.0,0.0,0.0,45.0,13.0,48.1,2,2,0.8,0.9,55,Virgil van Dijk,4-2-3-1,4-4-2,Match Report,9,4,44.4,0.22,0.5,17.8,0.0,0,0,0.8,0.09,1.2,1.2,514.0,462.0,51.0,1.0,2.0,24,20.0,3.0,3.0,0.0,0.0,411.0,1.0,12.0,80.0,7165.0,2295.0,2,0.7,1.1,6.0,31.0,7.0,1.0,28.0,15.0,13.0,1.0,1.0,0.0,0.0,4.0,16.0,9,9.0,6.0,1.0,50.0,6.0,7.0,5,21,22.0,0.0,605.0,70.0,23.0,9.0,50.0,4.0,22.2,339.0,9.0,4.0,12.0,13.0,407.0,27.0,2,0,0,14,0.0,0.0,0.0,31.0,11.0,37.9
2024-10-27,14:00,Sun,Premier League,Matchweek 9,Home,W,Crystal Palace,Tottenham,1,0,0.8,0.7,34,Marc Guéhi,3-4-3,4-3-3,14,6,42.9,0.07,0.17,19.6,1.0,0,0,0.8,0.06,0.2,0.2,296.0,249.0,43.0,1.0,2.0,29,13.0,8.0,4.0,1.0,0.0,181.0,4.0,10.0,61.1,3674.0,1896.0,1,0.5,0.8,8.0,26.0,8.0,3.0,33.0,22.0,15.0,2.0,0.0,2.0,1.0,2.0,32.0,19,13.0,13.0,6.0,64.0,9.0,15.0,11,43,38.0,0.0,450.0,72.0,22.0,4.0,33.3,7.0,58.3,171.0,15.0,5.0,12.0,12.0,179.0,33.0,4,0,0,16,0.0,0.0,0.0,53.0,21.0,58.3,1,2,1.8,1.6,50,Bruno Guimarães,4-3-3,4-2-3-1,Match Report,11,2,18.2,0.09,0.5,14.0,1.0,0,0,1.8,0.16,-0.8,-0.8,495.0,445.0,49.0,2.0,0.0,11,21.0,4.0,4.0,0.0,0.0,400.0,1.0,12.0,80.8,7138.0,2719.0,1,1.7,1.3,9.0,33.0,10.0,1.0,37.0,20.0,13.0,3.0,0.0,2.0,0.0,2.0,13.0,8,4.0,7.0,2.0,50.0,7.0,6.0,6,19,13.0,2.0,581.0,84.0,23.0,6.0,46.2,4.0,30.8,372.0,7.0,3.0,16.0,8.0,400.0,37.0,3,0,0,16,0.0,0.0,0.0,37.0,14.0,51.9
2024-10-27,14:00,Sun,Premier League,Matchweek 9,Home,W,West Ham United,Manchester Utd,2,1,2.8,2.3,42,Jarrod Bowen,4-2-3-1,4-2-3-1,11,2,18.2,0.09,0.5,12.3,0.0,1,1,2.1,0.2,-0.8,-1.1,436.0,395.0,38.0,2.0,3.0,23,14.0,6.0,3.0,3.0,0.0,338.0,3.0,16.0,77.5,5808.0,2291.0,1,2.2,1.1,10.0,26.0,10.0,4.0,35.0,22.0,15.0,2.0,2.0,1.0,0.0,3.0,11.0,5,7.0,2.0,2.0,50.0,7.0,6.0,12,23,42.0,1.0,562.0,84.0,29.0,10.0,62.5,6.0,37.5,284.0,21.0,6.0,13.0,13.0,331.0,34.0,5,0,0,6,1.0,0.0,0.0,52.0,13.0,48.1,1,2,2.3,2.8,58,Bruno Fernandes,4-2-3-1,4-2-3-1,Match Report,18,5,27.8,0.06,0.2,18.0,1.0,0,0,2.3,0.13,-1.3,-1.3,595.0,546.0,46.0,6.0,6.0,24,24.0,5.0,3.0,2.0,0.0,486.0,3.0,9.0,81.7,8131.0,2578.0,1,2.1,1.2,14.0,46.0,10.0,3.0,47.0,35.0,28.0,1.0,3.0,2.0,0.0,1.0,19.0,11,6.0,10.0,3.0,37.5,10.0,12.0,6,25,31.0,1.0,714.0,76.0,32.0,7.0,50.0,7.0,50.0,417.0,17.0,7.0,12.0,4.0,483.0,47.0,1,0,0,7,0.0,1.0,0.0,41.0,14.0,51.9
2024-10-27,16:30,Sun,Premier League,Matchweek 9,Home,D,Arsenal,Liverpool,2,2,0.9,0.8,45,Bukayo Saka,4-4-2,4-2-3-1,9,3,33.3,0.22,0.67,14.1,0.0,0,0,0.9,0.1,1.1,1.1,415.0,374.0,39.0,0.0,2.0,13,15.0,1.0,1.0,0.0,0.0,320.0,2.0,6.0,77.1,5610.0,2004.0,2,0.9,1.2,8.0,24.0,8.0,1.0,39.0,17.0,10.0,2.0,2.0,2.0,0.0,4.0,17.0,11,6.0,7.0,4.0,30.8,9.0,8.0,7,24,28.0,1.0,514.0,65.0,29.0,6.0,46.2,6.0,46.2,230.0,19.0,9.0,17.0,10.0,320.0,39.0,2,0,0,14,0.0,0.0,0.0,34.0,18.0,62.1,0,1,0.7,0.8,66,Cristian Romero,4-3-3,3-4-3,Match Report,11,3,27.3,0.0,0.0,12.9,0.0,0,0,0.7,0.07,-0.7,-0.7,571.0,510.0,60.0,2.0,0.0,28,18.0,8.0,1.0,5.0,0.0,445.0,1.0,20.0,77.9,7625.0,3071.0,0,0.4,0.5,6.0,32.0,16.0,4.0,55.0,20.0,15.0,3.0,0.0,0.0,0.0,0.0,19.0,14,11.0,6.0,2.0,63.6,4.0,8.0,10,29,23.0,2.0,690.0,99.0,24.0,9.0,32.1,16.0,57.1,428.0,20.0,2.0,7.0,16.0,441.0,55.0,4,0,0,12,0.0,0.0,0.0,51.0,15.0,41.7
